[      26ms] [ERROR] Failed to load resource: the server responded with a status of 404 (Not Found) @ http://localhost:8081/favicon.ico:0
[     340ms] [INFO] [webpack-dev-server] Server started: Hot Module Replacement enabled, Live Reloading enabled, Progress disabled, Overlay enabled. @ http://localhost:8081/dist/bundle.js:244231
[     340ms] [LOG] [HMR] Waiting for update signal from WDS... @ http://localhost:8081/dist/bundle.js:245578
[     394ms] [WARNING] [buildLeaf] {id: hsm, label: HSM Appliance, className: nr-palette-item-icon, svgPrefix: <svg id="icon" xmlns="http://www.w3.org/2000/svg" width="32"} @ http://localhost:8081/dist/bundle.js:279855
[     396ms] [WARNING] [buildLeaf] {id: hsm, label: HSM Appliance, className: nr-palette-item-icon, svgPrefix: <svg id="icon" xmlns="http://www.w3.org/2000/svg" width="32"} @ http://localhost:8081/dist/bundle.js:279855
[     397ms] [WARNING] [buildLeaf] {id: hsm, label: HSM Appliance, className: nr-palette-item-icon, svgPrefix: <svg id="icon" xmlns="http://www.w3.org/2000/svg" width="32"} @ http://localhost:8081/dist/bundle.js:279855
[     398ms] [WARNING] [CD onCatalogChange] firing — rebuilding palette @ http://localhost:8081/dist/bundle.js:279497
[     398ms] [WARNING] [buildLeaf] {id: hsm, label: HSM Appliance, className: nr-palette-item-icon, svgPrefix: <svg id="icon" xmlns="http://www.w3.org/2000/svg" width="32"} @ http://localhost:8081/dist/bundle.js:279855
[     412ms] [INFO] [webpack-dev-server] "/Users/michaelhalder/Documents/Personal Projects/GitHub/NextRack/examples/isometric/.playwright-mcp/console-2026-05-22T07-21-43-558Z.log" from static directory was changed. Reloading... @ http://localhost:8081/dist/bundle.js:244231
[     413ms] [INFO] [webpack-dev-server] "/Users/michaelhalder/Documents/Personal Projects/GitHub/NextRack/examples/isometric/.playwright-mcp/console-2026-05-22T07-21-43-552Z.log" from static directory was changed. Reloading... @ http://localhost:8081/dist/bundle.js:244231
[     413ms] [WARNING] [buildLeaf] {id: hsm, label: HSM Appliance, className: nr-palette-item-icon, svgPrefix: <svg id="icon" xmlns="http://www.w3.org/2000/svg" width="32"} @ http://localhost:8081/dist/bundle.js:279855
[     414ms] [WARNING] [CD onCatalogChange] firing — rebuilding palette @ http://localhost:8081/dist/bundle.js:279497
[     414ms] [WARNING] [buildLeaf] {id: hsm, label: HSM Appliance, className: nr-palette-item-icon, svgPrefix: <svg id="icon" xmlns="http://www.w3.org/2000/svg" width="32"} @ http://localhost:8081/dist/bundle.js:279855
[    1035ms] [INFO] [webpack-dev-server] Server started: Hot Module Replacement enabled, Live Reloading enabled, Progress disabled, Overlay enabled. @ http://localhost:8081/dist/bundle.js:244231
[    1035ms] [LOG] [HMR] Waiting for update signal from WDS... @ http://localhost:8081/dist/bundle.js:245578
[    1092ms] [WARNING] [buildLeaf] {id: hsm, label: HSM Appliance, className: nr-palette-item-icon, svgPrefix: <svg id="icon" xmlns="http://www.w3.org/2000/svg" width="32"} @ http://localhost:8081/dist/bundle.js:279855
[    1095ms] [WARNING] [buildLeaf] {id: hsm, label: HSM Appliance, className: nr-palette-item-icon, svgPrefix: <svg id="icon" xmlns="http://www.w3.org/2000/svg" width="32"} @ http://localhost:8081/dist/bundle.js:279855
[    1096ms] [WARNING] [buildLeaf] {id: hsm, label: HSM Appliance, className: nr-palette-item-icon, svgPrefix: <svg id="icon" xmlns="http://www.w3.org/2000/svg" width="32"} @ http://localhost:8081/dist/bundle.js:279855
[    1097ms] [WARNING] [CD onCatalogChange] firing — rebuilding palette @ http://localhost:8081/dist/bundle.js:279497
[    1097ms] [WARNING] [buildLeaf] {id: hsm, label: HSM Appliance, className: nr-palette-item-icon, svgPrefix: <svg id="icon" xmlns="http://www.w3.org/2000/svg" width="32"} @ http://localhost:8081/dist/bundle.js:279855
[    1114ms] [WARNING] [buildLeaf] {id: hsm, label: HSM Appliance, className: nr-palette-item-icon, svgPrefix: <svg id="icon" xmlns="http://www.w3.org/2000/svg" width="32"} @ http://localhost:8081/dist/bundle.js:279855
[    1115ms] [WARNING] [CD onCatalogChange] firing — rebuilding palette @ http://localhost:8081/dist/bundle.js:279497
[    1115ms] [WARNING] [buildLeaf] {id: hsm, label: HSM Appliance, className: nr-palette-item-icon, svgPrefix: <svg id="icon" xmlns="http://www.w3.org/2000/svg" width="32"} @ http://localhost:8081/dist/bundle.js:279855
[    1150ms] [INFO] [webpack-dev-server] "/Users/michaelhalder/Documents/Personal Projects/GitHub/NextRack/examples/isometric/.playwright-mcp/console-2026-05-22T07-21-43-558Z.log" from static directory was changed. Reloading... @ http://localhost:8081/dist/bundle.js:244231
[    1757ms] [INFO] [webpack-dev-server] Server started: Hot Module Replacement enabled, Live Reloading enabled, Progress disabled, Overlay enabled. @ http://localhost:8081/dist/bundle.js:244231
[    1757ms] [LOG] [HMR] Waiting for update signal from WDS... @ http://localhost:8081/dist/bundle.js:245578
[    1813ms] [WARNING] [buildLeaf] {id: hsm, label: HSM Appliance, className: nr-palette-item-icon, svgPrefix: <svg id="icon" xmlns="http://www.w3.org/2000/svg" width="32"} @ http://localhost:8081/dist/bundle.js:279855
[    1818ms] [WARNING] [buildLeaf] {id: hsm, label: HSM Appliance, className: nr-palette-item-icon, svgPrefix: <svg id="icon" xmlns="http://www.w3.org/2000/svg" width="32"} @ http://localhost:8081/dist/bundle.js:279855
[    1819ms] [WARNING] [buildLeaf] {id: hsm, label: HSM Appliance, className: nr-palette-item-icon, svgPrefix: <svg id="icon" xmlns="http://www.w3.org/2000/svg" width="32"} @ http://localhost:8081/dist/bundle.js:279855
[    1819ms] [WARNING] [CD onCatalogChange] firing — rebuilding palette @ http://localhost:8081/dist/bundle.js:279497
[    1819ms] [WARNING] [buildLeaf] {id: hsm, label: HSM Appliance, className: nr-palette-item-icon, svgPrefix: <svg id="icon" xmlns="http://www.w3.org/2000/svg" width="32"} @ http://localhost:8081/dist/bundle.js:279855
[    1841ms] [INFO] [webpack-dev-server] "/Users/michaelhalder/Documents/Personal Projects/GitHub/NextRack/examples/isometric/.playwright-mcp/console-2026-05-22T07-21-43-558Z.log" from static directory was changed. Reloading... @ http://localhost:8081/dist/bundle.js:244231
[    1847ms] [WARNING] [buildLeaf] {id: hsm, label: HSM Appliance, className: nr-palette-item-icon, svgPrefix: <svg id="icon" xmlns="http://www.w3.org/2000/svg" width="32"} @ http://localhost:8081/dist/bundle.js:279855
[    1847ms] [WARNING] [CD onCatalogChange] firing — rebuilding palette @ http://localhost:8081/dist/bundle.js:279497
[    1847ms] [WARNING] [buildLeaf] {id: hsm, label: HSM Appliance, className: nr-palette-item-icon, svgPrefix: <svg id="icon" xmlns="http://www.w3.org/2000/svg" width="32"} @ http://localhost:8081/dist/bundle.js:279855
[    2299ms] [INFO] [webpack-dev-server] Server started: Hot Module Replacement enabled, Live Reloading enabled, Progress disabled, Overlay enabled. @ http://localhost:8081/dist/bundle.js:244231
[    2299ms] [LOG] [HMR] Waiting for update signal from WDS... @ http://localhost:8081/dist/bundle.js:245578
[    2354ms] [WARNING] [buildLeaf] {id: hsm, label: HSM Appliance, className: nr-palette-item-icon, svgPrefix: <svg id="icon" xmlns="http://www.w3.org/2000/svg" width="32"} @ http://localhost:8081/dist/bundle.js:279855
[    2359ms] [WARNING] [buildLeaf] {id: hsm, label: HSM Appliance, className: nr-palette-item-icon, svgPrefix: <svg id="icon" xmlns="http://www.w3.org/2000/svg" width="32"} @ http://localhost:8081/dist/bundle.js:279855
[    2360ms] [WARNING] [buildLeaf] {id: hsm, label: HSM Appliance, className: nr-palette-item-icon, svgPrefix: <svg id="icon" xmlns="http://www.w3.org/2000/svg" width="32"} @ http://localhost:8081/dist/bundle.js:279855
[    2361ms] [WARNING] [CD onCatalogChange] firing — rebuilding palette @ http://localhost:8081/dist/bundle.js:279497
[    2361ms] [WARNING] [buildLeaf] {id: hsm, label: HSM Appliance, className: nr-palette-item-icon, svgPrefix: <svg id="icon" xmlns="http://www.w3.org/2000/svg" width="32"} @ http://localhost:8081/dist/bundle.js:279855
[    2384ms] [INFO] [webpack-dev-server] "/Users/michaelhalder/Documents/Personal Projects/GitHub/NextRack/examples/isometric/.playwright-mcp/console-2026-05-22T07-21-43-558Z.log" from static directory was changed. Reloading... @ http://localhost:8081/dist/bundle.js:244231
[    2386ms] [WARNING] [buildLeaf] {id: hsm, label: HSM Appliance, className: nr-palette-item-icon, svgPrefix: <svg id="icon" xmlns="http://www.w3.org/2000/svg" width="32"} @ http://localhost:8081/dist/bundle.js:279855
[    2386ms] [WARNING] [CD onCatalogChange] firing — rebuilding palette @ http://localhost:8081/dist/bundle.js:279497
[    2387ms] [WARNING] [buildLeaf] {id: hsm, label: HSM Appliance, className: nr-palette-item-icon, svgPrefix: <svg id="icon" xmlns="http://www.w3.org/2000/svg" width="32"} @ http://localhost:8081/dist/bundle.js:279855
[    2892ms] [INFO] [webpack-dev-server] Server started: Hot Module Replacement enabled, Live Reloading enabled, Progress disabled, Overlay enabled. @ http://localhost:8081/dist/bundle.js:244231
[    2892ms] [LOG] [HMR] Waiting for update signal from WDS... @ http://localhost:8081/dist/bundle.js:245578
[    2949ms] [WARNING] [buildLeaf] {id: hsm, label: HSM Appliance, className: nr-palette-item-icon, svgPrefix: <svg id="icon" xmlns="http://www.w3.org/2000/svg" width="32"} @ http://localhost:8081/dist/bundle.js:279855
[    2953ms] [WARNING] [buildLeaf] {id: hsm, label: HSM Appliance, className: nr-palette-item-icon, svgPrefix: <svg id="icon" xmlns="http://www.w3.org/2000/svg" width="32"} @ http://localhost:8081/dist/bundle.js:279855
[    2955ms] [WARNING] [buildLeaf] {id: hsm, label: HSM Appliance, className: nr-palette-item-icon, svgPrefix: <svg id="icon" xmlns="http://www.w3.org/2000/svg" width="32"} @ http://localhost:8081/dist/bundle.js:279855
[    2955ms] [WARNING] [CD onCatalogChange] firing — rebuilding palette @ http://localhost:8081/dist/bundle.js:279497
[    2955ms] [WARNING] [buildLeaf] {id: hsm, label: HSM Appliance, className: nr-palette-item-icon, svgPrefix: <svg id="icon" xmlns="http://www.w3.org/2000/svg" width="32"} @ http://localhost:8081/dist/bundle.js:279855
[    2980ms] [INFO] [webpack-dev-server] "/Users/michaelhalder/Documents/Personal Projects/GitHub/NextRack/examples/isometric/.playwright-mcp/console-2026-05-22T07-21-43-558Z.log" from static directory was changed. Reloading... @ http://localhost:8081/dist/bundle.js:244231
[    2981ms] [WARNING] [buildLeaf] {id: hsm, label: HSM Appliance, className: nr-palette-item-icon, svgPrefix: <svg id="icon" xmlns="http://www.w3.org/2000/svg" width="32"} @ http://localhost:8081/dist/bundle.js:279855
[    2982ms] [WARNING] [CD onCatalogChange] firing — rebuilding palette @ http://localhost:8081/dist/bundle.js:279497
[    2982ms] [WARNING] [buildLeaf] {id: hsm, label: HSM Appliance, className: nr-palette-item-icon, svgPrefix: <svg id="icon" xmlns="http://www.w3.org/2000/svg" width="32"} @ http://localhost:8081/dist/bundle.js:279855
[    3005ms] [INFO] [webpack-dev-server] "/Users/michaelhalder/Documents/Personal Projects/GitHub/NextRack/examples/isometric/.playwright-mcp/console-2026-05-22T07-21-43-558Z.log" from static directory was changed. Reloading... @ http://localhost:8081/dist/bundle.js:244231
[    3486ms] [INFO] [webpack-dev-server] Server started: Hot Module Replacement enabled, Live Reloading enabled, Progress disabled, Overlay enabled. @ http://localhost:8081/dist/bundle.js:244231
[    3486ms] [LOG] [HMR] Waiting for update signal from WDS... @ http://localhost:8081/dist/bundle.js:245578
[    3545ms] [WARNING] [buildLeaf] {id: hsm, label: HSM Appliance, className: nr-palette-item-icon, svgPrefix: <svg id="icon" xmlns="http://www.w3.org/2000/svg" width="32"} @ http://localhost:8081/dist/bundle.js:279855
[    3549ms] [WARNING] [buildLeaf] {id: hsm, label: HSM Appliance, className: nr-palette-item-icon, svgPrefix: <svg id="icon" xmlns="http://www.w3.org/2000/svg" width="32"} @ http://localhost:8081/dist/bundle.js:279855
[    3550ms] [WARNING] [buildLeaf] {id: hsm, label: HSM Appliance, className: nr-palette-item-icon, svgPrefix: <svg id="icon" xmlns="http://www.w3.org/2000/svg" width="32"} @ http://localhost:8081/dist/bundle.js:279855
[    3550ms] [WARNING] [CD onCatalogChange] firing — rebuilding palette @ http://localhost:8081/dist/bundle.js:279497
[    3550ms] [WARNING] [buildLeaf] {id: hsm, label: HSM Appliance, className: nr-palette-item-icon, svgPrefix: <svg id="icon" xmlns="http://www.w3.org/2000/svg" width="32"} @ http://localhost:8081/dist/bundle.js:279855
[    3574ms] [INFO] [webpack-dev-server] "/Users/michaelhalder/Documents/Personal Projects/GitHub/NextRack/examples/isometric/.playwright-mcp/console-2026-05-22T07-21-43-558Z.log" from static directory was changed. Reloading... @ http://localhost:8081/dist/bundle.js:244231
[    3575ms] [WARNING] [buildLeaf] {id: hsm, label: HSM Appliance, className: nr-palette-item-icon, svgPrefix: <svg id="icon" xmlns="http://www.w3.org/2000/svg" width="32"} @ http://localhost:8081/dist/bundle.js:279855
[    3576ms] [WARNING] [CD onCatalogChange] firing — rebuilding palette @ http://localhost:8081/dist/bundle.js:279497
[    3576ms] [WARNING] [buildLeaf] {id: hsm, label: HSM Appliance, className: nr-palette-item-icon, svgPrefix: <svg id="icon" xmlns="http://www.w3.org/2000/svg" width="32"} @ http://localhost:8081/dist/bundle.js:279855
[    3984ms] [INFO] [webpack-dev-server] Server started: Hot Module Replacement enabled, Live Reloading enabled, Progress disabled, Overlay enabled. @ http://localhost:8081/dist/bundle.js:244231
[    3984ms] [LOG] [HMR] Waiting for update signal from WDS... @ http://localhost:8081/dist/bundle.js:245578
[    4040ms] [WARNING] [buildLeaf] {id: hsm, label: HSM Appliance, className: nr-palette-item-icon, svgPrefix: <svg id="icon" xmlns="http://www.w3.org/2000/svg" width="32"} @ http://localhost:8081/dist/bundle.js:279855
[    4043ms] [WARNING] [buildLeaf] {id: hsm, label: HSM Appliance, className: nr-palette-item-icon, svgPrefix: <svg id="icon" xmlns="http://www.w3.org/2000/svg" width="32"} @ http://localhost:8081/dist/bundle.js:279855
[    4044ms] [WARNING] [buildLeaf] {id: hsm, label: HSM Appliance, className: nr-palette-item-icon, svgPrefix: <svg id="icon" xmlns="http://www.w3.org/2000/svg" width="32"} @ http://localhost:8081/dist/bundle.js:279855
[    4044ms] [WARNING] [CD onCatalogChange] firing — rebuilding palette @ http://localhost:8081/dist/bundle.js:279497
[    4044ms] [WARNING] [buildLeaf] {id: hsm, label: HSM Appliance, className: nr-palette-item-icon, svgPrefix: <svg id="icon" xmlns="http://www.w3.org/2000/svg" width="32"} @ http://localhost:8081/dist/bundle.js:279855
[    4069ms] [INFO] [webpack-dev-server] "/Users/michaelhalder/Documents/Personal Projects/GitHub/NextRack/examples/isometric/.playwright-mcp/console-2026-05-22T07-21-43-558Z.log" from static directory was changed. Reloading... @ http://localhost:8081/dist/bundle.js:244231
[    4070ms] [WARNING] [buildLeaf] {id: hsm, label: HSM Appliance, className: nr-palette-item-icon, svgPrefix: <svg id="icon" xmlns="http://www.w3.org/2000/svg" width="32"} @ http://localhost:8081/dist/bundle.js:279855
[    4070ms] [WARNING] [CD onCatalogChange] firing — rebuilding palette @ http://localhost:8081/dist/bundle.js:279497
[    4071ms] [WARNING] [buildLeaf] {id: hsm, label: HSM Appliance, className: nr-palette-item-icon, svgPrefix: <svg id="icon" xmlns="http://www.w3.org/2000/svg" width="32"} @ http://localhost:8081/dist/bundle.js:279855
[    4460ms] [INFO] [webpack-dev-server] Server started: Hot Module Replacement enabled, Live Reloading enabled, Progress disabled, Overlay enabled. @ http://localhost:8081/dist/bundle.js:244231
[    4461ms] [LOG] [HMR] Waiting for update signal from WDS... @ http://localhost:8081/dist/bundle.js:245578
[    4519ms] [WARNING] [buildLeaf] {id: hsm, label: HSM Appliance, className: nr-palette-item-icon, svgPrefix: <svg id="icon" xmlns="http://www.w3.org/2000/svg" width="32"} @ http://localhost:8081/dist/bundle.js:279855
[    4524ms] [WARNING] [buildLeaf] {id: hsm, label: HSM Appliance, className: nr-palette-item-icon, svgPrefix: <svg id="icon" xmlns="http://www.w3.org/2000/svg" width="32"} @ http://localhost:8081/dist/bundle.js:279855
[    4525ms] [WARNING] [buildLeaf] {id: hsm, label: HSM Appliance, className: nr-palette-item-icon, svgPrefix: <svg id="icon" xmlns="http://www.w3.org/2000/svg" width="32"} @ http://localhost:8081/dist/bundle.js:279855
[    4525ms] [WARNING] [CD onCatalogChange] firing — rebuilding palette @ http://localhost:8081/dist/bundle.js:279497
[    4525ms] [WARNING] [buildLeaf] {id: hsm, label: HSM Appliance, className: nr-palette-item-icon, svgPrefix: <svg id="icon" xmlns="http://www.w3.org/2000/svg" width="32"} @ http://localhost:8081/dist/bundle.js:279855
[    4551ms] [INFO] [webpack-dev-server] "/Users/michaelhalder/Documents/Personal Projects/GitHub/NextRack/examples/isometric/.playwright-mcp/console-2026-05-22T07-21-43-558Z.log" from static directory was changed. Reloading... @ http://localhost:8081/dist/bundle.js:244231
[    4552ms] [WARNING] [buildLeaf] {id: hsm, label: HSM Appliance, className: nr-palette-item-icon, svgPrefix: <svg id="icon" xmlns="http://www.w3.org/2000/svg" width="32"} @ http://localhost:8081/dist/bundle.js:279855
[    4552ms] [WARNING] [CD onCatalogChange] firing — rebuilding palette @ http://localhost:8081/dist/bundle.js:279497
[    4552ms] [WARNING] [buildLeaf] {id: hsm, label: HSM Appliance, className: nr-palette-item-icon, svgPrefix: <svg id="icon" xmlns="http://www.w3.org/2000/svg" width="32"} @ http://localhost:8081/dist/bundle.js:279855
[    4570ms] [INFO] [webpack-dev-server] "/Users/michaelhalder/Documents/Personal Projects/GitHub/NextRack/examples/isometric/.playwright-mcp/console-2026-05-22T07-21-43-558Z.log" from static directory was changed. Reloading... @ http://localhost:8081/dist/bundle.js:244231
[    5058ms] [INFO] [webpack-dev-server] Server started: Hot Module Replacement enabled, Live Reloading enabled, Progress disabled, Overlay enabled. @ http://localhost:8081/dist/bundle.js:244231
[    5058ms] [LOG] [HMR] Waiting for update signal from WDS... @ http://localhost:8081/dist/bundle.js:245578
[    5116ms] [WARNING] [buildLeaf] {id: hsm, label: HSM Appliance, className: nr-palette-item-icon, svgPrefix: <svg id="icon" xmlns="http://www.w3.org/2000/svg" width="32"} @ http://localhost:8081/dist/bundle.js:279855
[    5119ms] [WARNING] [buildLeaf] {id: hsm, label: HSM Appliance, className: nr-palette-item-icon, svgPrefix: <svg id="icon" xmlns="http://www.w3.org/2000/svg" width="32"} @ http://localhost:8081/dist/bundle.js:279855
[    5121ms] [WARNING] [buildLeaf] {id: hsm, label: HSM Appliance, className: nr-palette-item-icon, svgPrefix: <svg id="icon" xmlns="http://www.w3.org/2000/svg" width="32"} @ http://localhost:8081/dist/bundle.js:279855
[    5121ms] [WARNING] [CD onCatalogChange] firing — rebuilding palette @ http://localhost:8081/dist/bundle.js:279497
[    5121ms] [WARNING] [buildLeaf] {id: hsm, label: HSM Appliance, className: nr-palette-item-icon, svgPrefix: <svg id="icon" xmlns="http://www.w3.org/2000/svg" width="32"} @ http://localhost:8081/dist/bundle.js:279855
[    5146ms] [INFO] [webpack-dev-server] "/Users/michaelhalder/Documents/Personal Projects/GitHub/NextRack/examples/isometric/.playwright-mcp/console-2026-05-22T07-21-43-558Z.log" from static directory was changed. Reloading... @ http://localhost:8081/dist/bundle.js:244231
[    5148ms] [WARNING] [buildLeaf] {id: hsm, label: HSM Appliance, className: nr-palette-item-icon, svgPrefix: <svg id="icon" xmlns="http://www.w3.org/2000/svg" width="32"} @ http://localhost:8081/dist/bundle.js:279855
[    5148ms] [WARNING] [CD onCatalogChange] firing — rebuilding palette @ http://localhost:8081/dist/bundle.js:279497
[    5148ms] [WARNING] [buildLeaf] {id: hsm, label: HSM Appliance, className: nr-palette-item-icon, svgPrefix: <svg id="icon" xmlns="http://www.w3.org/2000/svg" width="32"} @ http://localhost:8081/dist/bundle.js:279855
[    5163ms] [INFO] [webpack-dev-server] "/Users/michaelhalder/Documents/Personal Projects/GitHub/NextRack/examples/isometric/.playwright-mcp/console-2026-05-22T07-21-43-558Z.log" from static directory was changed. Reloading... @ http://localhost:8081/dist/bundle.js:244231
[    5640ms] [INFO] [webpack-dev-server] Server started: Hot Module Replacement enabled, Live Reloading enabled, Progress disabled, Overlay enabled. @ http://localhost:8081/dist/bundle.js:244231
[    5640ms] [LOG] [HMR] Waiting for update signal from WDS... @ http://localhost:8081/dist/bundle.js:245578
[    5695ms] [WARNING] [buildLeaf] {id: hsm, label: HSM Appliance, className: nr-palette-item-icon, svgPrefix: <svg id="icon" xmlns="http://www.w3.org/2000/svg" width="32"} @ http://localhost:8081/dist/bundle.js:279855
[    5698ms] [WARNING] [buildLeaf] {id: hsm, label: HSM Appliance, className: nr-palette-item-icon, svgPrefix: <svg id="icon" xmlns="http://www.w3.org/2000/svg" width="32"} @ http://localhost:8081/dist/bundle.js:279855
[    5699ms] [WARNING] [buildLeaf] {id: hsm, label: HSM Appliance, className: nr-palette-item-icon, svgPrefix: <svg id="icon" xmlns="http://www.w3.org/2000/svg" width="32"} @ http://localhost:8081/dist/bundle.js:279855
[    5700ms] [WARNING] [CD onCatalogChange] firing — rebuilding palette @ http://localhost:8081/dist/bundle.js:279497
[    5700ms] [WARNING] [buildLeaf] {id: hsm, label: HSM Appliance, className: nr-palette-item-icon, svgPrefix: <svg id="icon" xmlns="http://www.w3.org/2000/svg" width="32"} @ http://localhost:8081/dist/bundle.js:279855
[    5723ms] [INFO] [webpack-dev-server] "/Users/michaelhalder/Documents/Personal Projects/GitHub/NextRack/examples/isometric/.playwright-mcp/console-2026-05-22T07-21-43-558Z.log" from static directory was changed. Reloading... @ http://localhost:8081/dist/bundle.js:244231
[    5724ms] [WARNING] [buildLeaf] {id: hsm, label: HSM Appliance, className: nr-palette-item-icon, svgPrefix: <svg id="icon" xmlns="http://www.w3.org/2000/svg" width="32"} @ http://localhost:8081/dist/bundle.js:279855
[    5725ms] [WARNING] [CD onCatalogChange] firing — rebuilding palette @ http://localhost:8081/dist/bundle.js:279497
[    5725ms] [WARNING] [buildLeaf] {id: hsm, label: HSM Appliance, className: nr-palette-item-icon, svgPrefix: <svg id="icon" xmlns="http://www.w3.org/2000/svg" width="32"} @ http://localhost:8081/dist/bundle.js:279855
[    5753ms] [INFO] [webpack-dev-server] "/Users/michaelhalder/Documents/Personal Projects/GitHub/NextRack/examples/isometric/.playwright-mcp/console-2026-05-22T07-21-43-558Z.log" from static directory was changed. Reloading... @ http://localhost:8081/dist/bundle.js:244231
[    6227ms] [INFO] [webpack-dev-server] Server started: Hot Module Replacement enabled, Live Reloading enabled, Progress disabled, Overlay enabled. @ http://localhost:8081/dist/bundle.js:244231
[    6228ms] [LOG] [HMR] Waiting for update signal from WDS... @ http://localhost:8081/dist/bundle.js:245578
[    6283ms] [WARNING] [buildLeaf] {id: hsm, label: HSM Appliance, className: nr-palette-item-icon, svgPrefix: <svg id="icon" xmlns="http://www.w3.org/2000/svg" width="32"} @ http://localhost:8081/dist/bundle.js:279855
[    6286ms] [WARNING] [buildLeaf] {id: hsm, label: HSM Appliance, className: nr-palette-item-icon, svgPrefix: <svg id="icon" xmlns="http://www.w3.org/2000/svg" width="32"} @ http://localhost:8081/dist/bundle.js:279855
[    6287ms] [WARNING] [buildLeaf] {id: hsm, label: HSM Appliance, className: nr-palette-item-icon, svgPrefix: <svg id="icon" xmlns="http://www.w3.org/2000/svg" width="32"} @ http://localhost:8081/dist/bundle.js:279855
[    6287ms] [WARNING] [CD onCatalogChange] firing — rebuilding palette @ http://localhost:8081/dist/bundle.js:279497
[    6287ms] [WARNING] [buildLeaf] {id: hsm, label: HSM Appliance, className: nr-palette-item-icon, svgPrefix: <svg id="icon" xmlns="http://www.w3.org/2000/svg" width="32"} @ http://localhost:8081/dist/bundle.js:279855
[    6313ms] [INFO] [webpack-dev-server] "/Users/michaelhalder/Documents/Personal Projects/GitHub/NextRack/examples/isometric/.playwright-mcp/console-2026-05-22T07-21-43-558Z.log" from static directory was changed. Reloading... @ http://localhost:8081/dist/bundle.js:244231
[    6313ms] [WARNING] [buildLeaf] {id: hsm, label: HSM Appliance, className: nr-palette-item-icon, svgPrefix: <svg id="icon" xmlns="http://www.w3.org/2000/svg" width="32"} @ http://localhost:8081/dist/bundle.js:279855
[    6314ms] [WARNING] [CD onCatalogChange] firing — rebuilding palette @ http://localhost:8081/dist/bundle.js:279497
[    6314ms] [WARNING] [buildLeaf] {id: hsm, label: HSM Appliance, className: nr-palette-item-icon, svgPrefix: <svg id="icon" xmlns="http://www.w3.org/2000/svg" width="32"} @ http://localhost:8081/dist/bundle.js:279855
[    6336ms] [INFO] [webpack-dev-server] "/Users/michaelhalder/Documents/Personal Projects/GitHub/NextRack/examples/isometric/.playwright-mcp/console-2026-05-22T07-21-43-558Z.log" from static directory was changed. Reloading... @ http://localhost:8081/dist/bundle.js:244231
[    6780ms] [INFO] [webpack-dev-server] Server started: Hot Module Replacement enabled, Live Reloading enabled, Progress disabled, Overlay enabled. @ http://localhost:8081/dist/bundle.js:244231
[    6780ms] [LOG] [HMR] Waiting for update signal from WDS... @ http://localhost:8081/dist/bundle.js:245578
[    6834ms] [WARNING] [buildLeaf] {id: hsm, label: HSM Appliance, className: nr-palette-item-icon, svgPrefix: <svg id="icon" xmlns="http://www.w3.org/2000/svg" width="32"} @ http://localhost:8081/dist/bundle.js:279855
[    6837ms] [WARNING] [buildLeaf] {id: hsm, label: HSM Appliance, className: nr-palette-item-icon, svgPrefix: <svg id="icon" xmlns="http://www.w3.org/2000/svg" width="32"} @ http://localhost:8081/dist/bundle.js:279855
[    6838ms] [WARNING] [buildLeaf] {id: hsm, label: HSM Appliance, className: nr-palette-item-icon, svgPrefix: <svg id="icon" xmlns="http://www.w3.org/2000/svg" width="32"} @ http://localhost:8081/dist/bundle.js:279855
[    6838ms] [WARNING] [CD onCatalogChange] firing — rebuilding palette @ http://localhost:8081/dist/bundle.js:279497
[    6838ms] [WARNING] [buildLeaf] {id: hsm, label: HSM Appliance, className: nr-palette-item-icon, svgPrefix: <svg id="icon" xmlns="http://www.w3.org/2000/svg" width="32"} @ http://localhost:8081/dist/bundle.js:279855
[    6862ms] [INFO] [webpack-dev-server] "/Users/michaelhalder/Documents/Personal Projects/GitHub/NextRack/examples/isometric/.playwright-mcp/console-2026-05-22T07-21-43-558Z.log" from static directory was changed. Reloading... @ http://localhost:8081/dist/bundle.js:244231
[    6863ms] [WARNING] [buildLeaf] {id: hsm, label: HSM Appliance, className: nr-palette-item-icon, svgPrefix: <svg id="icon" xmlns="http://www.w3.org/2000/svg" width="32"} @ http://localhost:8081/dist/bundle.js:279855
[    6864ms] [WARNING] [CD onCatalogChange] firing — rebuilding palette @ http://localhost:8081/dist/bundle.js:279497
[    6864ms] [WARNING] [buildLeaf] {id: hsm, label: HSM Appliance, className: nr-palette-item-icon, svgPrefix: <svg id="icon" xmlns="http://www.w3.org/2000/svg" width="32"} @ http://localhost:8081/dist/bundle.js:279855
[    7325ms] [INFO] [webpack-dev-server] Server started: Hot Module Replacement enabled, Live Reloading enabled, Progress disabled, Overlay enabled. @ http://localhost:8081/dist/bundle.js:244231
[    7326ms] [LOG] [HMR] Waiting for update signal from WDS... @ http://localhost:8081/dist/bundle.js:245578
[    7379ms] [WARNING] [buildLeaf] {id: hsm, label: HSM Appliance, className: nr-palette-item-icon, svgPrefix: <svg id="icon" xmlns="http://www.w3.org/2000/svg" width="32"} @ http://localhost:8081/dist/bundle.js:279855
[    7383ms] [WARNING] [buildLeaf] {id: hsm, label: HSM Appliance, className: nr-palette-item-icon, svgPrefix: <svg id="icon" xmlns="http://www.w3.org/2000/svg" width="32"} @ http://localhost:8081/dist/bundle.js:279855
[    7384ms] [WARNING] [buildLeaf] {id: hsm, label: HSM Appliance, className: nr-palette-item-icon, svgPrefix: <svg id="icon" xmlns="http://www.w3.org/2000/svg" width="32"} @ http://localhost:8081/dist/bundle.js:279855
[    7384ms] [WARNING] [CD onCatalogChange] firing — rebuilding palette @ http://localhost:8081/dist/bundle.js:279497
[    7385ms] [WARNING] [buildLeaf] {id: hsm, label: HSM Appliance, className: nr-palette-item-icon, svgPrefix: <svg id="icon" xmlns="http://www.w3.org/2000/svg" width="32"} @ http://localhost:8081/dist/bundle.js:279855
[    7410ms] [WARNING] [buildLeaf] {id: hsm, label: HSM Appliance, className: nr-palette-item-icon, svgPrefix: <svg id="icon" xmlns="http://www.w3.org/2000/svg" width="32"} @ http://localhost:8081/dist/bundle.js:279855
[    7410ms] [WARNING] [CD onCatalogChange] firing — rebuilding palette @ http://localhost:8081/dist/bundle.js:279497
[    7410ms] [WARNING] [buildLeaf] {id: hsm, label: HSM Appliance, className: nr-palette-item-icon, svgPrefix: <svg id="icon" xmlns="http://www.w3.org/2000/svg" width="32"} @ http://localhost:8081/dist/bundle.js:279855
[    7415ms] [INFO] [webpack-dev-server] "/Users/michaelhalder/Documents/Personal Projects/GitHub/NextRack/examples/isometric/.playwright-mcp/console-2026-05-22T07-21-43-558Z.log" from static directory was changed. Reloading... @ http://localhost:8081/dist/bundle.js:244231
[    7910ms] [INFO] [webpack-dev-server] Server started: Hot Module Replacement enabled, Live Reloading enabled, Progress disabled, Overlay enabled. @ http://localhost:8081/dist/bundle.js:244231
[    7910ms] [LOG] [HMR] Waiting for update signal from WDS... @ http://localhost:8081/dist/bundle.js:245578
[    7962ms] [WARNING] [buildLeaf] {id: hsm, label: HSM Appliance, className: nr-palette-item-icon, svgPrefix: <svg id="icon" xmlns="http://www.w3.org/2000/svg" width="32"} @ http://localhost:8081/dist/bundle.js:279855
[    7964ms] [WARNING] [buildLeaf] {id: hsm, label: HSM Appliance, className: nr-palette-item-icon, svgPrefix: <svg id="icon" xmlns="http://www.w3.org/2000/svg" width="32"} @ http://localhost:8081/dist/bundle.js:279855
[    7965ms] [WARNING] [buildLeaf] {id: hsm, label: HSM Appliance, className: nr-palette-item-icon, svgPrefix: <svg id="icon" xmlns="http://www.w3.org/2000/svg" width="32"} @ http://localhost:8081/dist/bundle.js:279855
[    7966ms] [WARNING] [CD onCatalogChange] firing — rebuilding palette @ http://localhost:8081/dist/bundle.js:279497
[    7966ms] [WARNING] [buildLeaf] {id: hsm, label: HSM Appliance, className: nr-palette-item-icon, svgPrefix: <svg id="icon" xmlns="http://www.w3.org/2000/svg" width="32"} @ http://localhost:8081/dist/bundle.js:279855
[    7990ms] [WARNING] [buildLeaf] {id: hsm, label: HSM Appliance, className: nr-palette-item-icon, svgPrefix: <svg id="icon" xmlns="http://www.w3.org/2000/svg" width="32"} @ http://localhost:8081/dist/bundle.js:279855
[    7991ms] [WARNING] [CD onCatalogChange] firing — rebuilding palette @ http://localhost:8081/dist/bundle.js:279497
[    7991ms] [WARNING] [buildLeaf] {id: hsm, label: HSM Appliance, className: nr-palette-item-icon, svgPrefix: <svg id="icon" xmlns="http://www.w3.org/2000/svg" width="32"} @ http://localhost:8081/dist/bundle.js:279855
[    8000ms] [INFO] [webpack-dev-server] "/Users/michaelhalder/Documents/Personal Projects/GitHub/NextRack/examples/isometric/.playwright-mcp/console-2026-05-22T07-21-43-558Z.log" from static directory was changed. Reloading... @ http://localhost:8081/dist/bundle.js:244231
[    8503ms] [INFO] [webpack-dev-server] Server started: Hot Module Replacement enabled, Live Reloading enabled, Progress disabled, Overlay enabled. @ http://localhost:8081/dist/bundle.js:244231
[    8503ms] [LOG] [HMR] Waiting for update signal from WDS... @ http://localhost:8081/dist/bundle.js:245578
[    8559ms] [WARNING] [buildLeaf] {id: hsm, label: HSM Appliance, className: nr-palette-item-icon, svgPrefix: <svg id="icon" xmlns="http://www.w3.org/2000/svg" width="32"} @ http://localhost:8081/dist/bundle.js:279855
[    8562ms] [WARNING] [buildLeaf] {id: hsm, label: HSM Appliance, className: nr-palette-item-icon, svgPrefix: <svg id="icon" xmlns="http://www.w3.org/2000/svg" width="32"} @ http://localhost:8081/dist/bundle.js:279855
[    8564ms] [WARNING] [buildLeaf] {id: hsm, label: HSM Appliance, className: nr-palette-item-icon, svgPrefix: <svg id="icon" xmlns="http://www.w3.org/2000/svg" width="32"} @ http://localhost:8081/dist/bundle.js:279855
[    8564ms] [WARNING] [CD onCatalogChange] firing — rebuilding palette @ http://localhost:8081/dist/bundle.js:279497
[    8564ms] [WARNING] [buildLeaf] {id: hsm, label: HSM Appliance, className: nr-palette-item-icon, svgPrefix: <svg id="icon" xmlns="http://www.w3.org/2000/svg" width="32"} @ http://localhost:8081/dist/bundle.js:279855
[    8589ms] [WARNING] [buildLeaf] {id: hsm, label: HSM Appliance, className: nr-palette-item-icon, svgPrefix: <svg id="icon" xmlns="http://www.w3.org/2000/svg" width="32"} @ http://localhost:8081/dist/bundle.js:279855
[    8589ms] [WARNING] [CD onCatalogChange] firing — rebuilding palette @ http://localhost:8081/dist/bundle.js:279497
[    8590ms] [WARNING] [buildLeaf] {id: hsm, label: HSM Appliance, className: nr-palette-item-icon, svgPrefix: <svg id="icon" xmlns="http://www.w3.org/2000/svg" width="32"} @ http://localhost:8081/dist/bundle.js:279855
[    8610ms] [INFO] [webpack-dev-server] "/Users/michaelhalder/Documents/Personal Projects/GitHub/NextRack/examples/isometric/.playwright-mcp/console-2026-05-22T07-21-43-558Z.log" from static directory was changed. Reloading... @ http://localhost:8081/dist/bundle.js:244231
[    9021ms] [INFO] [webpack-dev-server] Server started: Hot Module Replacement enabled, Live Reloading enabled, Progress disabled, Overlay enabled. @ http://localhost:8081/dist/bundle.js:244231
[    9021ms] [LOG] [HMR] Waiting for update signal from WDS... @ http://localhost:8081/dist/bundle.js:245578
[    9077ms] [WARNING] [buildLeaf] {id: hsm, label: HSM Appliance, className: nr-palette-item-icon, svgPrefix: <svg id="icon" xmlns="http://www.w3.org/2000/svg" width="32"} @ http://localhost:8081/dist/bundle.js:279855
[    9080ms] [WARNING] [buildLeaf] {id: hsm, label: HSM Appliance, className: nr-palette-item-icon, svgPrefix: <svg id="icon" xmlns="http://www.w3.org/2000/svg" width="32"} @ http://localhost:8081/dist/bundle.js:279855
[    9081ms] [WARNING] [buildLeaf] {id: hsm, label: HSM Appliance, className: nr-palette-item-icon, svgPrefix: <svg id="icon" xmlns="http://www.w3.org/2000/svg" width="32"} @ http://localhost:8081/dist/bundle.js:279855
[    9082ms] [WARNING] [CD onCatalogChange] firing — rebuilding palette @ http://localhost:8081/dist/bundle.js:279497
[    9082ms] [WARNING] [buildLeaf] {id: hsm, label: HSM Appliance, className: nr-palette-item-icon, svgPrefix: <svg id="icon" xmlns="http://www.w3.org/2000/svg" width="32"} @ http://localhost:8081/dist/bundle.js:279855
[    9105ms] [INFO] [webpack-dev-server] "/Users/michaelhalder/Documents/Personal Projects/GitHub/NextRack/examples/isometric/.playwright-mcp/console-2026-05-22T07-21-43-558Z.log" from static directory was changed. Reloading... @ http://localhost:8081/dist/bundle.js:244231
[    9107ms] [WARNING] [buildLeaf] {id: hsm, label: HSM Appliance, className: nr-palette-item-icon, svgPrefix: <svg id="icon" xmlns="http://www.w3.org/2000/svg" width="32"} @ http://localhost:8081/dist/bundle.js:279855
[    9107ms] [WARNING] [CD onCatalogChange] firing — rebuilding palette @ http://localhost:8081/dist/bundle.js:279497
[    9107ms] [WARNING] [buildLeaf] {id: hsm, label: HSM Appliance, className: nr-palette-item-icon, svgPrefix: <svg id="icon" xmlns="http://www.w3.org/2000/svg" width="32"} @ http://localhost:8081/dist/bundle.js:279855
[    9555ms] [INFO] [webpack-dev-server] Server started: Hot Module Replacement enabled, Live Reloading enabled, Progress disabled, Overlay enabled. @ http://localhost:8081/dist/bundle.js:244231
[    9555ms] [LOG] [HMR] Waiting for update signal from WDS... @ http://localhost:8081/dist/bundle.js:245578
[    9609ms] [WARNING] [buildLeaf] {id: hsm, label: HSM Appliance, className: nr-palette-item-icon, svgPrefix: <svg id="icon" xmlns="http://www.w3.org/2000/svg" width="32"} @ http://localhost:8081/dist/bundle.js:279855
[    9613ms] [WARNING] [buildLeaf] {id: hsm, label: HSM Appliance, className: nr-palette-item-icon, svgPrefix: <svg id="icon" xmlns="http://www.w3.org/2000/svg" width="32"} @ http://localhost:8081/dist/bundle.js:279855
[    9614ms] [WARNING] [buildLeaf] {id: hsm, label: HSM Appliance, className: nr-palette-item-icon, svgPrefix: <svg id="icon" xmlns="http://www.w3.org/2000/svg" width="32"} @ http://localhost:8081/dist/bundle.js:279855
[    9615ms] [WARNING] [CD onCatalogChange] firing — rebuilding palette @ http://localhost:8081/dist/bundle.js:279497
[    9615ms] [WARNING] [buildLeaf] {id: hsm, label: HSM Appliance, className: nr-palette-item-icon, svgPrefix: <svg id="icon" xmlns="http://www.w3.org/2000/svg" width="32"} @ http://localhost:8081/dist/bundle.js:279855
[    9640ms] [INFO] [webpack-dev-server] "/Users/michaelhalder/Documents/Personal Projects/GitHub/NextRack/examples/isometric/.playwright-mcp/console-2026-05-22T07-21-43-558Z.log" from static directory was changed. Reloading... @ http://localhost:8081/dist/bundle.js:244231
[    9641ms] [WARNING] [buildLeaf] {id: hsm, label: HSM Appliance, className: nr-palette-item-icon, svgPrefix: <svg id="icon" xmlns="http://www.w3.org/2000/svg" width="32"} @ http://localhost:8081/dist/bundle.js:279855
[    9641ms] [WARNING] [CD onCatalogChange] firing — rebuilding palette @ http://localhost:8081/dist/bundle.js:279497
[    9641ms] [WARNING] [buildLeaf] {id: hsm, label: HSM Appliance, className: nr-palette-item-icon, svgPrefix: <svg id="icon" xmlns="http://www.w3.org/2000/svg" width="32"} @ http://localhost:8081/dist/bundle.js:279855
[   10149ms] [INFO] [webpack-dev-server] Server started: Hot Module Replacement enabled, Live Reloading enabled, Progress disabled, Overlay enabled. @ http://localhost:8081/dist/bundle.js:244231
[   10149ms] [LOG] [HMR] Waiting for update signal from WDS... @ http://localhost:8081/dist/bundle.js:245578
[   10203ms] [WARNING] [buildLeaf] {id: hsm, label: HSM Appliance, className: nr-palette-item-icon, svgPrefix: <svg id="icon" xmlns="http://www.w3.org/2000/svg" width="32"} @ http://localhost:8081/dist/bundle.js:279855
[   10206ms] [WARNING] [buildLeaf] {id: hsm, label: HSM Appliance, className: nr-palette-item-icon, svgPrefix: <svg id="icon" xmlns="http://www.w3.org/2000/svg" width="32"} @ http://localhost:8081/dist/bundle.js:279855
[   10208ms] [WARNING] [buildLeaf] {id: hsm, label: HSM Appliance, className: nr-palette-item-icon, svgPrefix: <svg id="icon" xmlns="http://www.w3.org/2000/svg" width="32"} @ http://localhost:8081/dist/bundle.js:279855
[   10208ms] [WARNING] [CD onCatalogChange] firing — rebuilding palette @ http://localhost:8081/dist/bundle.js:279497
[   10208ms] [WARNING] [buildLeaf] {id: hsm, label: HSM Appliance, className: nr-palette-item-icon, svgPrefix: <svg id="icon" xmlns="http://www.w3.org/2000/svg" width="32"} @ http://localhost:8081/dist/bundle.js:279855
[   10231ms] [INFO] [webpack-dev-server] "/Users/michaelhalder/Documents/Personal Projects/GitHub/NextRack/examples/isometric/.playwright-mcp/console-2026-05-22T07-21-43-558Z.log" from static directory was changed. Reloading... @ http://localhost:8081/dist/bundle.js:244231
[   10232ms] [WARNING] [buildLeaf] {id: hsm, label: HSM Appliance, className: nr-palette-item-icon, svgPrefix: <svg id="icon" xmlns="http://www.w3.org/2000/svg" width="32"} @ http://localhost:8081/dist/bundle.js:279855
[   10233ms] [WARNING] [CD onCatalogChange] firing — rebuilding palette @ http://localhost:8081/dist/bundle.js:279497
[   10233ms] [WARNING] [buildLeaf] {id: hsm, label: HSM Appliance, className: nr-palette-item-icon, svgPrefix: <svg id="icon" xmlns="http://www.w3.org/2000/svg" width="32"} @ http://localhost:8081/dist/bundle.js:279855
[   10701ms] [INFO] [webpack-dev-server] Server started: Hot Module Replacement enabled, Live Reloading enabled, Progress disabled, Overlay enabled. @ http://localhost:8081/dist/bundle.js:244231
[   10701ms] [LOG] [HMR] Waiting for update signal from WDS... @ http://localhost:8081/dist/bundle.js:245578
[   10755ms] [WARNING] [buildLeaf] {id: hsm, label: HSM Appliance, className: nr-palette-item-icon, svgPrefix: <svg id="icon" xmlns="http://www.w3.org/2000/svg" width="32"} @ http://localhost:8081/dist/bundle.js:279855
[   10758ms] [WARNING] [buildLeaf] {id: hsm, label: HSM Appliance, className: nr-palette-item-icon, svgPrefix: <svg id="icon" xmlns="http://www.w3.org/2000/svg" width="32"} @ http://localhost:8081/dist/bundle.js:279855
[   10759ms] [WARNING] [buildLeaf] {id: hsm, label: HSM Appliance, className: nr-palette-item-icon, svgPrefix: <svg id="icon" xmlns="http://www.w3.org/2000/svg" width="32"} @ http://localhost:8081/dist/bundle.js:279855
[   10760ms] [WARNING] [CD onCatalogChange] firing — rebuilding palette @ http://localhost:8081/dist/bundle.js:279497
[   10760ms] [WARNING] [buildLeaf] {id: hsm, label: HSM Appliance, className: nr-palette-item-icon, svgPrefix: <svg id="icon" xmlns="http://www.w3.org/2000/svg" width="32"} @ http://localhost:8081/dist/bundle.js:279855
[   10784ms] [INFO] [webpack-dev-server] "/Users/michaelhalder/Documents/Personal Projects/GitHub/NextRack/examples/isometric/.playwright-mcp/console-2026-05-22T07-21-43-558Z.log" from static directory was changed. Reloading... @ http://localhost:8081/dist/bundle.js:244231
[   10786ms] [WARNING] [buildLeaf] {id: hsm, label: HSM Appliance, className: nr-palette-item-icon, svgPrefix: <svg id="icon" xmlns="http://www.w3.org/2000/svg" width="32"} @ http://localhost:8081/dist/bundle.js:279855
[   10786ms] [WARNING] [CD onCatalogChange] firing — rebuilding palette @ http://localhost:8081/dist/bundle.js:279497
[   10786ms] [WARNING] [buildLeaf] {id: hsm, label: HSM Appliance, className: nr-palette-item-icon, svgPrefix: <svg id="icon" xmlns="http://www.w3.org/2000/svg" width="32"} @ http://localhost:8081/dist/bundle.js:279855
[   11160ms] [INFO] [webpack-dev-server] Server started: Hot Module Replacement enabled, Live Reloading enabled, Progress disabled, Overlay enabled. @ http://localhost:8081/dist/bundle.js:244231
[   11161ms] [LOG] [HMR] Waiting for update signal from WDS... @ http://localhost:8081/dist/bundle.js:245578
[   11212ms] [WARNING] [buildLeaf] {id: hsm, label: HSM Appliance, className: nr-palette-item-icon, svgPrefix: <svg id="icon" xmlns="http://www.w3.org/2000/svg" width="32"} @ http://localhost:8081/dist/bundle.js:279855
[   11215ms] [WARNING] [buildLeaf] {id: hsm, label: HSM Appliance, className: nr-palette-item-icon, svgPrefix: <svg id="icon" xmlns="http://www.w3.org/2000/svg" width="32"} @ http://localhost:8081/dist/bundle.js:279855
[   11216ms] [WARNING] [buildLeaf] {id: hsm, label: HSM Appliance, className: nr-palette-item-icon, svgPrefix: <svg id="icon" xmlns="http://www.w3.org/2000/svg" width="32"} @ http://localhost:8081/dist/bundle.js:279855
[   11216ms] [WARNING] [CD onCatalogChange] firing — rebuilding palette @ http://localhost:8081/dist/bundle.js:279497
[   11217ms] [WARNING] [buildLeaf] {id: hsm, label: HSM Appliance, className: nr-palette-item-icon, svgPrefix: <svg id="icon" xmlns="http://www.w3.org/2000/svg" width="32"} @ http://localhost:8081/dist/bundle.js:279855
[   11240ms] [WARNING] [buildLeaf] {id: hsm, label: HSM Appliance, className: nr-palette-item-icon, svgPrefix: <svg id="icon" xmlns="http://www.w3.org/2000/svg" width="32"} @ http://localhost:8081/dist/bundle.js:279855
[   11240ms] [WARNING] [CD onCatalogChange] firing — rebuilding palette @ http://localhost:8081/dist/bundle.js:279497
[   11241ms] [WARNING] [buildLeaf] {id: hsm, label: HSM Appliance, className: nr-palette-item-icon, svgPrefix: <svg id="icon" xmlns="http://www.w3.org/2000/svg" width="32"} @ http://localhost:8081/dist/bundle.js:279855
[   11250ms] [INFO] [webpack-dev-server] "/Users/michaelhalder/Documents/Personal Projects/GitHub/NextRack/examples/isometric/.playwright-mcp/console-2026-05-22T07-21-43-558Z.log" from static directory was changed. Reloading... @ http://localhost:8081/dist/bundle.js:244231
[   11717ms] [INFO] [webpack-dev-server] Server started: Hot Module Replacement enabled, Live Reloading enabled, Progress disabled, Overlay enabled. @ http://localhost:8081/dist/bundle.js:244231
[   11717ms] [LOG] [HMR] Waiting for update signal from WDS... @ http://localhost:8081/dist/bundle.js:245578
[   11774ms] [WARNING] [buildLeaf] {id: hsm, label: HSM Appliance, className: nr-palette-item-icon, svgPrefix: <svg id="icon" xmlns="http://www.w3.org/2000/svg" width="32"} @ http://localhost:8081/dist/bundle.js:279855
[   11777ms] [WARNING] [buildLeaf] {id: hsm, label: HSM Appliance, className: nr-palette-item-icon, svgPrefix: <svg id="icon" xmlns="http://www.w3.org/2000/svg" width="32"} @ http://localhost:8081/dist/bundle.js:279855
[   11778ms] [WARNING] [buildLeaf] {id: hsm, label: HSM Appliance, className: nr-palette-item-icon, svgPrefix: <svg id="icon" xmlns="http://www.w3.org/2000/svg" width="32"} @ http://localhost:8081/dist/bundle.js:279855
[   11778ms] [WARNING] [CD onCatalogChange] firing — rebuilding palette @ http://localhost:8081/dist/bundle.js:279497
[   11778ms] [WARNING] [buildLeaf] {id: hsm, label: HSM Appliance, className: nr-palette-item-icon, svgPrefix: <svg id="icon" xmlns="http://www.w3.org/2000/svg" width="32"} @ http://localhost:8081/dist/bundle.js:279855
[   11803ms] [INFO] [webpack-dev-server] "/Users/michaelhalder/Documents/Personal Projects/GitHub/NextRack/examples/isometric/.playwright-mcp/console-2026-05-22T07-21-43-558Z.log" from static directory was changed. Reloading... @ http://localhost:8081/dist/bundle.js:244231
[   11803ms] [WARNING] [buildLeaf] {id: hsm, label: HSM Appliance, className: nr-palette-item-icon, svgPrefix: <svg id="icon" xmlns="http://www.w3.org/2000/svg" width="32"} @ http://localhost:8081/dist/bundle.js:279855
[   11804ms] [WARNING] [CD onCatalogChange] firing — rebuilding palette @ http://localhost:8081/dist/bundle.js:279497
[   11804ms] [WARNING] [buildLeaf] {id: hsm, label: HSM Appliance, className: nr-palette-item-icon, svgPrefix: <svg id="icon" xmlns="http://www.w3.org/2000/svg" width="32"} @ http://localhost:8081/dist/bundle.js:279855
[   12286ms] [INFO] [webpack-dev-server] Server started: Hot Module Replacement enabled, Live Reloading enabled, Progress disabled, Overlay enabled. @ http://localhost:8081/dist/bundle.js:244231
[   12286ms] [LOG] [HMR] Waiting for update signal from WDS... @ http://localhost:8081/dist/bundle.js:245578
[   12340ms] [WARNING] [buildLeaf] {id: hsm, label: HSM Appliance, className: nr-palette-item-icon, svgPrefix: <svg id="icon" xmlns="http://www.w3.org/2000/svg" width="32"} @ http://localhost:8081/dist/bundle.js:279855
[   12343ms] [WARNING] [buildLeaf] {id: hsm, label: HSM Appliance, className: nr-palette-item-icon, svgPrefix: <svg id="icon" xmlns="http://www.w3.org/2000/svg" width="32"} @ http://localhost:8081/dist/bundle.js:279855
[   12344ms] [WARNING] [buildLeaf] {id: hsm, label: HSM Appliance, className: nr-palette-item-icon, svgPrefix: <svg id="icon" xmlns="http://www.w3.org/2000/svg" width="32"} @ http://localhost:8081/dist/bundle.js:279855
[   12344ms] [WARNING] [CD onCatalogChange] firing — rebuilding palette @ http://localhost:8081/dist/bundle.js:279497
[   12344ms] [WARNING] [buildLeaf] {id: hsm, label: HSM Appliance, className: nr-palette-item-icon, svgPrefix: <svg id="icon" xmlns="http://www.w3.org/2000/svg" width="32"} @ http://localhost:8081/dist/bundle.js:279855
[   12369ms] [WARNING] [buildLeaf] {id: hsm, label: HSM Appliance, className: nr-palette-item-icon, svgPrefix: <svg id="icon" xmlns="http://www.w3.org/2000/svg" width="32"} @ http://localhost:8081/dist/bundle.js:279855
[   12369ms] [WARNING] [CD onCatalogChange] firing — rebuilding palette @ http://localhost:8081/dist/bundle.js:279497
[   12370ms] [WARNING] [buildLeaf] {id: hsm, label: HSM Appliance, className: nr-palette-item-icon, svgPrefix: <svg id="icon" xmlns="http://www.w3.org/2000/svg" width="32"} @ http://localhost:8081/dist/bundle.js:279855
[   12400ms] [INFO] [webpack-dev-server] "/Users/michaelhalder/Documents/Personal Projects/GitHub/NextRack/examples/isometric/.playwright-mcp/console-2026-05-22T07-21-43-558Z.log" from static directory was changed. Reloading... @ http://localhost:8081/dist/bundle.js:244231
[   12789ms] [INFO] [webpack-dev-server] Server started: Hot Module Replacement enabled, Live Reloading enabled, Progress disabled, Overlay enabled. @ http://localhost:8081/dist/bundle.js:244231
[   12789ms] [LOG] [HMR] Waiting for update signal from WDS... @ http://localhost:8081/dist/bundle.js:245578
[   12843ms] [WARNING] [buildLeaf] {id: hsm, label: HSM Appliance, className: nr-palette-item-icon, svgPrefix: <svg id="icon" xmlns="http://www.w3.org/2000/svg" width="32"} @ http://localhost:8081/dist/bundle.js:279855
[   12846ms] [WARNING] [buildLeaf] {id: hsm, label: HSM Appliance, className: nr-palette-item-icon, svgPrefix: <svg id="icon" xmlns="http://www.w3.org/2000/svg" width="32"} @ http://localhost:8081/dist/bundle.js:279855
[   12848ms] [WARNING] [buildLeaf] {id: hsm, label: HSM Appliance, className: nr-palette-item-icon, svgPrefix: <svg id="icon" xmlns="http://www.w3.org/2000/svg" width="32"} @ http://localhost:8081/dist/bundle.js:279855
[   12848ms] [WARNING] [CD onCatalogChange] firing — rebuilding palette @ http://localhost:8081/dist/bundle.js:279497
[   12848ms] [WARNING] [buildLeaf] {id: hsm, label: HSM Appliance, className: nr-palette-item-icon, svgPrefix: <svg id="icon" xmlns="http://www.w3.org/2000/svg" width="32"} @ http://localhost:8081/dist/bundle.js:279855
[   12871ms] [INFO] [webpack-dev-server] "/Users/michaelhalder/Documents/Personal Projects/GitHub/NextRack/examples/isometric/.playwright-mcp/console-2026-05-22T07-21-43-558Z.log" from static directory was changed. Reloading... @ http://localhost:8081/dist/bundle.js:244231
[   12872ms] [WARNING] [buildLeaf] {id: hsm, label: HSM Appliance, className: nr-palette-item-icon, svgPrefix: <svg id="icon" xmlns="http://www.w3.org/2000/svg" width="32"} @ http://localhost:8081/dist/bundle.js:279855
[   12872ms] [WARNING] [CD onCatalogChange] firing — rebuilding palette @ http://localhost:8081/dist/bundle.js:279497
[   12873ms] [WARNING] [buildLeaf] {id: hsm, label: HSM Appliance, className: nr-palette-item-icon, svgPrefix: <svg id="icon" xmlns="http://www.w3.org/2000/svg" width="32"} @ http://localhost:8081/dist/bundle.js:279855
[   13331ms] [INFO] [webpack-dev-server] Server started: Hot Module Replacement enabled, Live Reloading enabled, Progress disabled, Overlay enabled. @ http://localhost:8081/dist/bundle.js:244231
[   13332ms] [LOG] [HMR] Waiting for update signal from WDS... @ http://localhost:8081/dist/bundle.js:245578
[   13384ms] [WARNING] [buildLeaf] {id: hsm, label: HSM Appliance, className: nr-palette-item-icon, svgPrefix: <svg id="icon" xmlns="http://www.w3.org/2000/svg" width="32"} @ http://localhost:8081/dist/bundle.js:279855
[   13388ms] [WARNING] [buildLeaf] {id: hsm, label: HSM Appliance, className: nr-palette-item-icon, svgPrefix: <svg id="icon" xmlns="http://www.w3.org/2000/svg" width="32"} @ http://localhost:8081/dist/bundle.js:279855
[   13389ms] [WARNING] [buildLeaf] {id: hsm, label: HSM Appliance, className: nr-palette-item-icon, svgPrefix: <svg id="icon" xmlns="http://www.w3.org/2000/svg" width="32"} @ http://localhost:8081/dist/bundle.js:279855
[   13389ms] [WARNING] [CD onCatalogChange] firing — rebuilding palette @ http://localhost:8081/dist/bundle.js:279497
[   13389ms] [WARNING] [buildLeaf] {id: hsm, label: HSM Appliance, className: nr-palette-item-icon, svgPrefix: <svg id="icon" xmlns="http://www.w3.org/2000/svg" width="32"} @ http://localhost:8081/dist/bundle.js:279855
[   13415ms] [INFO] [webpack-dev-server] "/Users/michaelhalder/Documents/Personal Projects/GitHub/NextRack/examples/isometric/.playwright-mcp/console-2026-05-22T07-21-43-558Z.log" from static directory was changed. Reloading... @ http://localhost:8081/dist/bundle.js:244231
[   13415ms] [WARNING] [buildLeaf] {id: hsm, label: HSM Appliance, className: nr-palette-item-icon, svgPrefix: <svg id="icon" xmlns="http://www.w3.org/2000/svg" width="32"} @ http://localhost:8081/dist/bundle.js:279855
[   13416ms] [WARNING] [CD onCatalogChange] firing — rebuilding palette @ http://localhost:8081/dist/bundle.js:279497
[   13416ms] [WARNING] [buildLeaf] {id: hsm, label: HSM Appliance, className: nr-palette-item-icon, svgPrefix: <svg id="icon" xmlns="http://www.w3.org/2000/svg" width="32"} @ http://localhost:8081/dist/bundle.js:279855
[   13914ms] [INFO] [webpack-dev-server] Server started: Hot Module Replacement enabled, Live Reloading enabled, Progress disabled, Overlay enabled. @ http://localhost:8081/dist/bundle.js:244231
[   13914ms] [LOG] [HMR] Waiting for update signal from WDS... @ http://localhost:8081/dist/bundle.js:245578
[   13969ms] [WARNING] [buildLeaf] {id: hsm, label: HSM Appliance, className: nr-palette-item-icon, svgPrefix: <svg id="icon" xmlns="http://www.w3.org/2000/svg" width="32"} @ http://localhost:8081/dist/bundle.js:279855
[   13972ms] [WARNING] [buildLeaf] {id: hsm, label: HSM Appliance, className: nr-palette-item-icon, svgPrefix: <svg id="icon" xmlns="http://www.w3.org/2000/svg" width="32"} @ http://localhost:8081/dist/bundle.js:279855
[   13974ms] [WARNING] [buildLeaf] {id: hsm, label: HSM Appliance, className: nr-palette-item-icon, svgPrefix: <svg id="icon" xmlns="http://www.w3.org/2000/svg" width="32"} @ http://localhost:8081/dist/bundle.js:279855
[   13974ms] [WARNING] [CD onCatalogChange] firing — rebuilding palette @ http://localhost:8081/dist/bundle.js:279497
[   13974ms] [WARNING] [buildLeaf] {id: hsm, label: HSM Appliance, className: nr-palette-item-icon, svgPrefix: <svg id="icon" xmlns="http://www.w3.org/2000/svg" width="32"} @ http://localhost:8081/dist/bundle.js:279855
[   13996ms] [INFO] [webpack-dev-server] "/Users/michaelhalder/Documents/Personal Projects/GitHub/NextRack/examples/isometric/.playwright-mcp/console-2026-05-22T07-21-43-558Z.log" from static directory was changed. Reloading... @ http://localhost:8081/dist/bundle.js:244231
[   13997ms] [WARNING] [buildLeaf] {id: hsm, label: HSM Appliance, className: nr-palette-item-icon, svgPrefix: <svg id="icon" xmlns="http://www.w3.org/2000/svg" width="32"} @ http://localhost:8081/dist/bundle.js:279855
[   13997ms] [WARNING] [CD onCatalogChange] firing — rebuilding palette @ http://localhost:8081/dist/bundle.js:279497
[   13998ms] [WARNING] [buildLeaf] {id: hsm, label: HSM Appliance, className: nr-palette-item-icon, svgPrefix: <svg id="icon" xmlns="http://www.w3.org/2000/svg" width="32"} @ http://localhost:8081/dist/bundle.js:279855
[   14578ms] [INFO] [webpack-dev-server] Server started: Hot Module Replacement enabled, Live Reloading enabled, Progress disabled, Overlay enabled. @ http://localhost:8081/dist/bundle.js:244231
[   14579ms] [LOG] [HMR] Waiting for update signal from WDS... @ http://localhost:8081/dist/bundle.js:245578
[   14638ms] [WARNING] [buildLeaf] {id: hsm, label: HSM Appliance, className: nr-palette-item-icon, svgPrefix: <svg id="icon" xmlns="http://www.w3.org/2000/svg" width="32"} @ http://localhost:8081/dist/bundle.js:279855
[   14642ms] [WARNING] [buildLeaf] {id: hsm, label: HSM Appliance, className: nr-palette-item-icon, svgPrefix: <svg id="icon" xmlns="http://www.w3.org/2000/svg" width="32"} @ http://localhost:8081/dist/bundle.js:279855
[   14643ms] [WARNING] [buildLeaf] {id: hsm, label: HSM Appliance, className: nr-palette-item-icon, svgPrefix: <svg id="icon" xmlns="http://www.w3.org/2000/svg" width="32"} @ http://localhost:8081/dist/bundle.js:279855
[   14643ms] [WARNING] [CD onCatalogChange] firing — rebuilding palette @ http://localhost:8081/dist/bundle.js:279497
[   14643ms] [WARNING] [buildLeaf] {id: hsm, label: HSM Appliance, className: nr-palette-item-icon, svgPrefix: <svg id="icon" xmlns="http://www.w3.org/2000/svg" width="32"} @ http://localhost:8081/dist/bundle.js:279855
[   14670ms] [INFO] [webpack-dev-server] "/Users/michaelhalder/Documents/Personal Projects/GitHub/NextRack/examples/isometric/.playwright-mcp/console-2026-05-22T07-21-43-558Z.log" from static directory was changed. Reloading... @ http://localhost:8081/dist/bundle.js:244231
[   14670ms] [WARNING] [buildLeaf] {id: hsm, label: HSM Appliance, className: nr-palette-item-icon, svgPrefix: <svg id="icon" xmlns="http://www.w3.org/2000/svg" width="32"} @ http://localhost:8081/dist/bundle.js:279855
[   14671ms] [WARNING] [CD onCatalogChange] firing — rebuilding palette @ http://localhost:8081/dist/bundle.js:279497
[   14671ms] [WARNING] [buildLeaf] {id: hsm, label: HSM Appliance, className: nr-palette-item-icon, svgPrefix: <svg id="icon" xmlns="http://www.w3.org/2000/svg" width="32"} @ http://localhost:8081/dist/bundle.js:279855
[   14691ms] [INFO] [webpack-dev-server] "/Users/michaelhalder/Documents/Personal Projects/GitHub/NextRack/examples/isometric/.playwright-mcp/console-2026-05-22T07-21-43-558Z.log" from static directory was changed. Reloading... @ http://localhost:8081/dist/bundle.js:244231
[   15287ms] [INFO] [webpack-dev-server] Server started: Hot Module Replacement enabled, Live Reloading enabled, Progress disabled, Overlay enabled. @ http://localhost:8081/dist/bundle.js:244231
[   15287ms] [LOG] [HMR] Waiting for update signal from WDS... @ http://localhost:8081/dist/bundle.js:245578
[   15343ms] [WARNING] [buildLeaf] {id: hsm, label: HSM Appliance, className: nr-palette-item-icon, svgPrefix: <svg id="icon" xmlns="http://www.w3.org/2000/svg" width="32"} @ http://localhost:8081/dist/bundle.js:279855
[   15346ms] [WARNING] [buildLeaf] {id: hsm, label: HSM Appliance, className: nr-palette-item-icon, svgPrefix: <svg id="icon" xmlns="http://www.w3.org/2000/svg" width="32"} @ http://localhost:8081/dist/bundle.js:279855
[   15347ms] [WARNING] [buildLeaf] {id: hsm, label: HSM Appliance, className: nr-palette-item-icon, svgPrefix: <svg id="icon" xmlns="http://www.w3.org/2000/svg" width="32"} @ http://localhost:8081/dist/bundle.js:279855
[   15348ms] [WARNING] [CD onCatalogChange] firing — rebuilding palette @ http://localhost:8081/dist/bundle.js:279497
[   15348ms] [WARNING] [buildLeaf] {id: hsm, label: HSM Appliance, className: nr-palette-item-icon, svgPrefix: <svg id="icon" xmlns="http://www.w3.org/2000/svg" width="32"} @ http://localhost:8081/dist/bundle.js:279855
[   15375ms] [INFO] [webpack-dev-server] "/Users/michaelhalder/Documents/Personal Projects/GitHub/NextRack/examples/isometric/.playwright-mcp/console-2026-05-22T07-21-43-558Z.log" from static directory was changed. Reloading... @ http://localhost:8081/dist/bundle.js:244231
[   15376ms] [WARNING] [buildLeaf] {id: hsm, label: HSM Appliance, className: nr-palette-item-icon, svgPrefix: <svg id="icon" xmlns="http://www.w3.org/2000/svg" width="32"} @ http://localhost:8081/dist/bundle.js:279855
[   15376ms] [WARNING] [CD onCatalogChange] firing — rebuilding palette @ http://localhost:8081/dist/bundle.js:279497
[   15377ms] [WARNING] [buildLeaf] {id: hsm, label: HSM Appliance, className: nr-palette-item-icon, svgPrefix: <svg id="icon" xmlns="http://www.w3.org/2000/svg" width="32"} @ http://localhost:8081/dist/bundle.js:279855
[   15801ms] [INFO] [webpack-dev-server] Server started: Hot Module Replacement enabled, Live Reloading enabled, Progress disabled, Overlay enabled. @ http://localhost:8081/dist/bundle.js:244231
[   15802ms] [LOG] [HMR] Waiting for update signal from WDS... @ http://localhost:8081/dist/bundle.js:245578
[   15859ms] [WARNING] [buildLeaf] {id: hsm, label: HSM Appliance, className: nr-palette-item-icon, svgPrefix: <svg id="icon" xmlns="http://www.w3.org/2000/svg" width="32"} @ http://localhost:8081/dist/bundle.js:279855
[   15863ms] [WARNING] [buildLeaf] {id: hsm, label: HSM Appliance, className: nr-palette-item-icon, svgPrefix: <svg id="icon" xmlns="http://www.w3.org/2000/svg" width="32"} @ http://localhost:8081/dist/bundle.js:279855
[   15865ms] [WARNING] [buildLeaf] {id: hsm, label: HSM Appliance, className: nr-palette-item-icon, svgPrefix: <svg id="icon" xmlns="http://www.w3.org/2000/svg" width="32"} @ http://localhost:8081/dist/bundle.js:279855
[   15865ms] [WARNING] [CD onCatalogChange] firing — rebuilding palette @ http://localhost:8081/dist/bundle.js:279497
[   15865ms] [WARNING] [buildLeaf] {id: hsm, label: HSM Appliance, className: nr-palette-item-icon, svgPrefix: <svg id="icon" xmlns="http://www.w3.org/2000/svg" width="32"} @ http://localhost:8081/dist/bundle.js:279855
[   15893ms] [INFO] [webpack-dev-server] "/Users/michaelhalder/Documents/Personal Projects/GitHub/NextRack/examples/isometric/.playwright-mcp/console-2026-05-22T07-21-43-558Z.log" from static directory was changed. Reloading... @ http://localhost:8081/dist/bundle.js:244231
[   15895ms] [WARNING] [buildLeaf] {id: hsm, label: HSM Appliance, className: nr-palette-item-icon, svgPrefix: <svg id="icon" xmlns="http://www.w3.org/2000/svg" width="32"} @ http://localhost:8081/dist/bundle.js:279855
[   15895ms] [WARNING] [CD onCatalogChange] firing — rebuilding palette @ http://localhost:8081/dist/bundle.js:279497
[   15896ms] [WARNING] [buildLeaf] {id: hsm, label: HSM Appliance, className: nr-palette-item-icon, svgPrefix: <svg id="icon" xmlns="http://www.w3.org/2000/svg" width="32"} @ http://localhost:8081/dist/bundle.js:279855
[   15915ms] [INFO] [webpack-dev-server] "/Users/michaelhalder/Documents/Personal Projects/GitHub/NextRack/examples/isometric/.playwright-mcp/console-2026-05-22T07-21-43-558Z.log" from static directory was changed. Reloading... @ http://localhost:8081/dist/bundle.js:244231
[   16427ms] [INFO] [webpack-dev-server] Server started: Hot Module Replacement enabled, Live Reloading enabled, Progress disabled, Overlay enabled. @ http://localhost:8081/dist/bundle.js:244231
[   16427ms] [LOG] [HMR] Waiting for update signal from WDS... @ http://localhost:8081/dist/bundle.js:245578
[   16483ms] [WARNING] [buildLeaf] {id: hsm, label: HSM Appliance, className: nr-palette-item-icon, svgPrefix: <svg id="icon" xmlns="http://www.w3.org/2000/svg" width="32"} @ http://localhost:8081/dist/bundle.js:279855
[   16487ms] [WARNING] [buildLeaf] {id: hsm, label: HSM Appliance, className: nr-palette-item-icon, svgPrefix: <svg id="icon" xmlns="http://www.w3.org/2000/svg" width="32"} @ http://localhost:8081/dist/bundle.js:279855
[   16488ms] [WARNING] [buildLeaf] {id: hsm, label: HSM Appliance, className: nr-palette-item-icon, svgPrefix: <svg id="icon" xmlns="http://www.w3.org/2000/svg" width="32"} @ http://localhost:8081/dist/bundle.js:279855
[   16488ms] [WARNING] [CD onCatalogChange] firing — rebuilding palette @ http://localhost:8081/dist/bundle.js:279497
[   16488ms] [WARNING] [buildLeaf] {id: hsm, label: HSM Appliance, className: nr-palette-item-icon, svgPrefix: <svg id="icon" xmlns="http://www.w3.org/2000/svg" width="32"} @ http://localhost:8081/dist/bundle.js:279855
[   16512ms] [INFO] [webpack-dev-server] "/Users/michaelhalder/Documents/Personal Projects/GitHub/NextRack/examples/isometric/.playwright-mcp/console-2026-05-22T07-21-43-558Z.log" from static directory was changed. Reloading... @ http://localhost:8081/dist/bundle.js:244231
[   16513ms] [WARNING] [buildLeaf] {id: hsm, label: HSM Appliance, className: nr-palette-item-icon, svgPrefix: <svg id="icon" xmlns="http://www.w3.org/2000/svg" width="32"} @ http://localhost:8081/dist/bundle.js:279855
[   16514ms] [WARNING] [CD onCatalogChange] firing — rebuilding palette @ http://localhost:8081/dist/bundle.js:279497
[   16514ms] [WARNING] [buildLeaf] {id: hsm, label: HSM Appliance, className: nr-palette-item-icon, svgPrefix: <svg id="icon" xmlns="http://www.w3.org/2000/svg" width="32"} @ http://localhost:8081/dist/bundle.js:279855
[   16537ms] [INFO] [webpack-dev-server] "/Users/michaelhalder/Documents/Personal Projects/GitHub/NextRack/examples/isometric/.playwright-mcp/console-2026-05-22T07-21-43-558Z.log" from static directory was changed. Reloading... @ http://localhost:8081/dist/bundle.js:244231
[   17071ms] [INFO] [webpack-dev-server] Server started: Hot Module Replacement enabled, Live Reloading enabled, Progress disabled, Overlay enabled. @ http://localhost:8081/dist/bundle.js:244231
[   17072ms] [LOG] [HMR] Waiting for update signal from WDS... @ http://localhost:8081/dist/bundle.js:245578
[   17130ms] [WARNING] [buildLeaf] {id: hsm, label: HSM Appliance, className: nr-palette-item-icon, svgPrefix: <svg id="icon" xmlns="http://www.w3.org/2000/svg" width="32"} @ http://localhost:8081/dist/bundle.js:279855
[   17134ms] [WARNING] [buildLeaf] {id: hsm, label: HSM Appliance, className: nr-palette-item-icon, svgPrefix: <svg id="icon" xmlns="http://www.w3.org/2000/svg" width="32"} @ http://localhost:8081/dist/bundle.js:279855
[   17135ms] [WARNING] [buildLeaf] {id: hsm, label: HSM Appliance, className: nr-palette-item-icon, svgPrefix: <svg id="icon" xmlns="http://www.w3.org/2000/svg" width="32"} @ http://localhost:8081/dist/bundle.js:279855
[   17135ms] [WARNING] [CD onCatalogChange] firing — rebuilding palette @ http://localhost:8081/dist/bundle.js:279497
[   17135ms] [WARNING] [buildLeaf] {id: hsm, label: HSM Appliance, className: nr-palette-item-icon, svgPrefix: <svg id="icon" xmlns="http://www.w3.org/2000/svg" width="32"} @ http://localhost:8081/dist/bundle.js:279855
[   17162ms] [INFO] [webpack-dev-server] "/Users/michaelhalder/Documents/Personal Projects/GitHub/NextRack/examples/isometric/.playwright-mcp/console-2026-05-22T07-21-43-558Z.log" from static directory was changed. Reloading... @ http://localhost:8081/dist/bundle.js:244231
[   17164ms] [WARNING] [buildLeaf] {id: hsm, label: HSM Appliance, className: nr-palette-item-icon, svgPrefix: <svg id="icon" xmlns="http://www.w3.org/2000/svg" width="32"} @ http://localhost:8081/dist/bundle.js:279855
[   17164ms] [WARNING] [CD onCatalogChange] firing — rebuilding palette @ http://localhost:8081/dist/bundle.js:279497
[   17165ms] [WARNING] [buildLeaf] {id: hsm, label: HSM Appliance, className: nr-palette-item-icon, svgPrefix: <svg id="icon" xmlns="http://www.w3.org/2000/svg" width="32"} @ http://localhost:8081/dist/bundle.js:279855
[   17727ms] [INFO] [webpack-dev-server] Server started: Hot Module Replacement enabled, Live Reloading enabled, Progress disabled, Overlay enabled. @ http://localhost:8081/dist/bundle.js:244231
[   17728ms] [LOG] [HMR] Waiting for update signal from WDS... @ http://localhost:8081/dist/bundle.js:245578
[   17782ms] [WARNING] [buildLeaf] {id: hsm, label: HSM Appliance, className: nr-palette-item-icon, svgPrefix: <svg id="icon" xmlns="http://www.w3.org/2000/svg" width="32"} @ http://localhost:8081/dist/bundle.js:279855
[   17786ms] [WARNING] [buildLeaf] {id: hsm, label: HSM Appliance, className: nr-palette-item-icon, svgPrefix: <svg id="icon" xmlns="http://www.w3.org/2000/svg" width="32"} @ http://localhost:8081/dist/bundle.js:279855
[   17787ms] [WARNING] [buildLeaf] {id: hsm, label: HSM Appliance, className: nr-palette-item-icon, svgPrefix: <svg id="icon" xmlns="http://www.w3.org/2000/svg" width="32"} @ http://localhost:8081/dist/bundle.js:279855
[   17787ms] [WARNING] [CD onCatalogChange] firing — rebuilding palette @ http://localhost:8081/dist/bundle.js:279497
[   17787ms] [WARNING] [buildLeaf] {id: hsm, label: HSM Appliance, className: nr-palette-item-icon, svgPrefix: <svg id="icon" xmlns="http://www.w3.org/2000/svg" width="32"} @ http://localhost:8081/dist/bundle.js:279855
[   17813ms] [INFO] [webpack-dev-server] "/Users/michaelhalder/Documents/Personal Projects/GitHub/NextRack/examples/isometric/.playwright-mcp/console-2026-05-22T07-21-43-558Z.log" from static directory was changed. Reloading... @ http://localhost:8081/dist/bundle.js:244231
[   17814ms] [WARNING] [buildLeaf] {id: hsm, label: HSM Appliance, className: nr-palette-item-icon, svgPrefix: <svg id="icon" xmlns="http://www.w3.org/2000/svg" width="32"} @ http://localhost:8081/dist/bundle.js:279855
[   17814ms] [WARNING] [CD onCatalogChange] firing — rebuilding palette @ http://localhost:8081/dist/bundle.js:279497
[   17814ms] [WARNING] [buildLeaf] {id: hsm, label: HSM Appliance, className: nr-palette-item-icon, svgPrefix: <svg id="icon" xmlns="http://www.w3.org/2000/svg" width="32"} @ http://localhost:8081/dist/bundle.js:279855
[   18387ms] [INFO] [webpack-dev-server] Server started: Hot Module Replacement enabled, Live Reloading enabled, Progress disabled, Overlay enabled. @ http://localhost:8081/dist/bundle.js:244231
[   18387ms] [LOG] [HMR] Waiting for update signal from WDS... @ http://localhost:8081/dist/bundle.js:245578
[   18443ms] [WARNING] [buildLeaf] {id: hsm, label: HSM Appliance, className: nr-palette-item-icon, svgPrefix: <svg id="icon" xmlns="http://www.w3.org/2000/svg" width="32"} @ http://localhost:8081/dist/bundle.js:279855
[   18446ms] [WARNING] [buildLeaf] {id: hsm, label: HSM Appliance, className: nr-palette-item-icon, svgPrefix: <svg id="icon" xmlns="http://www.w3.org/2000/svg" width="32"} @ http://localhost:8081/dist/bundle.js:279855
[   18448ms] [WARNING] [buildLeaf] {id: hsm, label: HSM Appliance, className: nr-palette-item-icon, svgPrefix: <svg id="icon" xmlns="http://www.w3.org/2000/svg" width="32"} @ http://localhost:8081/dist/bundle.js:279855
[   18448ms] [WARNING] [CD onCatalogChange] firing — rebuilding palette @ http://localhost:8081/dist/bundle.js:279497
[   18448ms] [WARNING] [buildLeaf] {id: hsm, label: HSM Appliance, className: nr-palette-item-icon, svgPrefix: <svg id="icon" xmlns="http://www.w3.org/2000/svg" width="32"} @ http://localhost:8081/dist/bundle.js:279855
[   18474ms] [INFO] [webpack-dev-server] "/Users/michaelhalder/Documents/Personal Projects/GitHub/NextRack/examples/isometric/.playwright-mcp/console-2026-05-22T07-21-43-558Z.log" from static directory was changed. Reloading... @ http://localhost:8081/dist/bundle.js:244231
[   18475ms] [WARNING] [buildLeaf] {id: hsm, label: HSM Appliance, className: nr-palette-item-icon, svgPrefix: <svg id="icon" xmlns="http://www.w3.org/2000/svg" width="32"} @ http://localhost:8081/dist/bundle.js:279855
[   18476ms] [WARNING] [CD onCatalogChange] firing — rebuilding palette @ http://localhost:8081/dist/bundle.js:279497
[   18476ms] [WARNING] [buildLeaf] {id: hsm, label: HSM Appliance, className: nr-palette-item-icon, svgPrefix: <svg id="icon" xmlns="http://www.w3.org/2000/svg" width="32"} @ http://localhost:8081/dist/bundle.js:279855
[   18901ms] [INFO] [webpack-dev-server] Server started: Hot Module Replacement enabled, Live Reloading enabled, Progress disabled, Overlay enabled. @ http://localhost:8081/dist/bundle.js:244231
[   18902ms] [LOG] [HMR] Waiting for update signal from WDS... @ http://localhost:8081/dist/bundle.js:245578
[   18957ms] [WARNING] [buildLeaf] {id: hsm, label: HSM Appliance, className: nr-palette-item-icon, svgPrefix: <svg id="icon" xmlns="http://www.w3.org/2000/svg" width="32"} @ http://localhost:8081/dist/bundle.js:279855
[   18960ms] [WARNING] [buildLeaf] {id: hsm, label: HSM Appliance, className: nr-palette-item-icon, svgPrefix: <svg id="icon" xmlns="http://www.w3.org/2000/svg" width="32"} @ http://localhost:8081/dist/bundle.js:279855
[   18961ms] [WARNING] [buildLeaf] {id: hsm, label: HSM Appliance, className: nr-palette-item-icon, svgPrefix: <svg id="icon" xmlns="http://www.w3.org/2000/svg" width="32"} @ http://localhost:8081/dist/bundle.js:279855
[   18962ms] [WARNING] [CD onCatalogChange] firing — rebuilding palette @ http://localhost:8081/dist/bundle.js:279497
[   18962ms] [WARNING] [buildLeaf] {id: hsm, label: HSM Appliance, className: nr-palette-item-icon, svgPrefix: <svg id="icon" xmlns="http://www.w3.org/2000/svg" width="32"} @ http://localhost:8081/dist/bundle.js:279855
[   18983ms] [INFO] [webpack-dev-server] "/Users/michaelhalder/Documents/Personal Projects/GitHub/NextRack/examples/isometric/.playwright-mcp/console-2026-05-22T07-21-43-558Z.log" from static directory was changed. Reloading... @ http://localhost:8081/dist/bundle.js:244231
[   18984ms] [WARNING] [buildLeaf] {id: hsm, label: HSM Appliance, className: nr-palette-item-icon, svgPrefix: <svg id="icon" xmlns="http://www.w3.org/2000/svg" width="32"} @ http://localhost:8081/dist/bundle.js:279855
[   18984ms] [WARNING] [CD onCatalogChange] firing — rebuilding palette @ http://localhost:8081/dist/bundle.js:279497
[   18984ms] [WARNING] [buildLeaf] {id: hsm, label: HSM Appliance, className: nr-palette-item-icon, svgPrefix: <svg id="icon" xmlns="http://www.w3.org/2000/svg" width="32"} @ http://localhost:8081/dist/bundle.js:279855
[   19489ms] [INFO] [webpack-dev-server] Server started: Hot Module Replacement enabled, Live Reloading enabled, Progress disabled, Overlay enabled. @ http://localhost:8081/dist/bundle.js:244231
[   19490ms] [LOG] [HMR] Waiting for update signal from WDS... @ http://localhost:8081/dist/bundle.js:245578
[   19543ms] [WARNING] [buildLeaf] {id: hsm, label: HSM Appliance, className: nr-palette-item-icon, svgPrefix: <svg id="icon" xmlns="http://www.w3.org/2000/svg" width="32"} @ http://localhost:8081/dist/bundle.js:279855
[   19546ms] [WARNING] [buildLeaf] {id: hsm, label: HSM Appliance, className: nr-palette-item-icon, svgPrefix: <svg id="icon" xmlns="http://www.w3.org/2000/svg" width="32"} @ http://localhost:8081/dist/bundle.js:279855
[   19548ms] [WARNING] [buildLeaf] {id: hsm, label: HSM Appliance, className: nr-palette-item-icon, svgPrefix: <svg id="icon" xmlns="http://www.w3.org/2000/svg" width="32"} @ http://localhost:8081/dist/bundle.js:279855
[   19548ms] [WARNING] [CD onCatalogChange] firing — rebuilding palette @ http://localhost:8081/dist/bundle.js:279497
[   19548ms] [WARNING] [buildLeaf] {id: hsm, label: HSM Appliance, className: nr-palette-item-icon, svgPrefix: <svg id="icon" xmlns="http://www.w3.org/2000/svg" width="32"} @ http://localhost:8081/dist/bundle.js:279855
[   19573ms] [WARNING] [buildLeaf] {id: hsm, label: HSM Appliance, className: nr-palette-item-icon, svgPrefix: <svg id="icon" xmlns="http://www.w3.org/2000/svg" width="32"} @ http://localhost:8081/dist/bundle.js:279855
[   19574ms] [WARNING] [CD onCatalogChange] firing — rebuilding palette @ http://localhost:8081/dist/bundle.js:279497
[   19574ms] [WARNING] [buildLeaf] {id: hsm, label: HSM Appliance, className: nr-palette-item-icon, svgPrefix: <svg id="icon" xmlns="http://www.w3.org/2000/svg" width="32"} @ http://localhost:8081/dist/bundle.js:279855
[   19587ms] [INFO] [webpack-dev-server] "/Users/michaelhalder/Documents/Personal Projects/GitHub/NextRack/examples/isometric/.playwright-mcp/console-2026-05-22T07-21-43-558Z.log" from static directory was changed. Reloading... @ http://localhost:8081/dist/bundle.js:244231
[   20059ms] [INFO] [webpack-dev-server] Server started: Hot Module Replacement enabled, Live Reloading enabled, Progress disabled, Overlay enabled. @ http://localhost:8081/dist/bundle.js:244231
[   20059ms] [LOG] [HMR] Waiting for update signal from WDS... @ http://localhost:8081/dist/bundle.js:245578
[   20113ms] [WARNING] [buildLeaf] {id: hsm, label: HSM Appliance, className: nr-palette-item-icon, svgPrefix: <svg id="icon" xmlns="http://www.w3.org/2000/svg" width="32"} @ http://localhost:8081/dist/bundle.js:279855
[   20117ms] [WARNING] [buildLeaf] {id: hsm, label: HSM Appliance, className: nr-palette-item-icon, svgPrefix: <svg id="icon" xmlns="http://www.w3.org/2000/svg" width="32"} @ http://localhost:8081/dist/bundle.js:279855
[   20118ms] [WARNING] [buildLeaf] {id: hsm, label: HSM Appliance, className: nr-palette-item-icon, svgPrefix: <svg id="icon" xmlns="http://www.w3.org/2000/svg" width="32"} @ http://localhost:8081/dist/bundle.js:279855
[   20119ms] [WARNING] [CD onCatalogChange] firing — rebuilding palette @ http://localhost:8081/dist/bundle.js:279497
[   20119ms] [WARNING] [buildLeaf] {id: hsm, label: HSM Appliance, className: nr-palette-item-icon, svgPrefix: <svg id="icon" xmlns="http://www.w3.org/2000/svg" width="32"} @ http://localhost:8081/dist/bundle.js:279855
[   20145ms] [INFO] [webpack-dev-server] "/Users/michaelhalder/Documents/Personal Projects/GitHub/NextRack/examples/isometric/.playwright-mcp/console-2026-05-22T07-21-43-558Z.log" from static directory was changed. Reloading... @ http://localhost:8081/dist/bundle.js:244231
[   20146ms] [WARNING] [buildLeaf] {id: hsm, label: HSM Appliance, className: nr-palette-item-icon, svgPrefix: <svg id="icon" xmlns="http://www.w3.org/2000/svg" width="32"} @ http://localhost:8081/dist/bundle.js:279855
[   20146ms] [WARNING] [CD onCatalogChange] firing — rebuilding palette @ http://localhost:8081/dist/bundle.js:279497
[   20147ms] [WARNING] [buildLeaf] {id: hsm, label: HSM Appliance, className: nr-palette-item-icon, svgPrefix: <svg id="icon" xmlns="http://www.w3.org/2000/svg" width="32"} @ http://localhost:8081/dist/bundle.js:279855
[   20615ms] [INFO] [webpack-dev-server] Server started: Hot Module Replacement enabled, Live Reloading enabled, Progress disabled, Overlay enabled. @ http://localhost:8081/dist/bundle.js:244231
[   20615ms] [LOG] [HMR] Waiting for update signal from WDS... @ http://localhost:8081/dist/bundle.js:245578
[   20670ms] [WARNING] [buildLeaf] {id: hsm, label: HSM Appliance, className: nr-palette-item-icon, svgPrefix: <svg id="icon" xmlns="http://www.w3.org/2000/svg" width="32"} @ http://localhost:8081/dist/bundle.js:279855
[   20674ms] [WARNING] [buildLeaf] {id: hsm, label: HSM Appliance, className: nr-palette-item-icon, svgPrefix: <svg id="icon" xmlns="http://www.w3.org/2000/svg" width="32"} @ http://localhost:8081/dist/bundle.js:279855
[   20675ms] [WARNING] [buildLeaf] {id: hsm, label: HSM Appliance, className: nr-palette-item-icon, svgPrefix: <svg id="icon" xmlns="http://www.w3.org/2000/svg" width="32"} @ http://localhost:8081/dist/bundle.js:279855
[   20675ms] [WARNING] [CD onCatalogChange] firing — rebuilding palette @ http://localhost:8081/dist/bundle.js:279497
[   20675ms] [WARNING] [buildLeaf] {id: hsm, label: HSM Appliance, className: nr-palette-item-icon, svgPrefix: <svg id="icon" xmlns="http://www.w3.org/2000/svg" width="32"} @ http://localhost:8081/dist/bundle.js:279855
[   20696ms] [WARNING] [buildLeaf] {id: hsm, label: HSM Appliance, className: nr-palette-item-icon, svgPrefix: <svg id="icon" xmlns="http://www.w3.org/2000/svg" width="32"} @ http://localhost:8081/dist/bundle.js:279855
[   20696ms] [WARNING] [CD onCatalogChange] firing — rebuilding palette @ http://localhost:8081/dist/bundle.js:279497
[   20696ms] [WARNING] [buildLeaf] {id: hsm, label: HSM Appliance, className: nr-palette-item-icon, svgPrefix: <svg id="icon" xmlns="http://www.w3.org/2000/svg" width="32"} @ http://localhost:8081/dist/bundle.js:279855
[   20706ms] [INFO] [webpack-dev-server] "/Users/michaelhalder/Documents/Personal Projects/GitHub/NextRack/examples/isometric/.playwright-mcp/console-2026-05-22T07-21-43-558Z.log" from static directory was changed. Reloading... @ http://localhost:8081/dist/bundle.js:244231
[   21177ms] [INFO] [webpack-dev-server] Server started: Hot Module Replacement enabled, Live Reloading enabled, Progress disabled, Overlay enabled. @ http://localhost:8081/dist/bundle.js:244231
[   21177ms] [LOG] [HMR] Waiting for update signal from WDS... @ http://localhost:8081/dist/bundle.js:245578
[   21233ms] [WARNING] [buildLeaf] {id: hsm, label: HSM Appliance, className: nr-palette-item-icon, svgPrefix: <svg id="icon" xmlns="http://www.w3.org/2000/svg" width="32"} @ http://localhost:8081/dist/bundle.js:279855
[   21237ms] [WARNING] [buildLeaf] {id: hsm, label: HSM Appliance, className: nr-palette-item-icon, svgPrefix: <svg id="icon" xmlns="http://www.w3.org/2000/svg" width="32"} @ http://localhost:8081/dist/bundle.js:279855
[   21238ms] [WARNING] [buildLeaf] {id: hsm, label: HSM Appliance, className: nr-palette-item-icon, svgPrefix: <svg id="icon" xmlns="http://www.w3.org/2000/svg" width="32"} @ http://localhost:8081/dist/bundle.js:279855
[   21239ms] [WARNING] [CD onCatalogChange] firing — rebuilding palette @ http://localhost:8081/dist/bundle.js:279497
[   21239ms] [WARNING] [buildLeaf] {id: hsm, label: HSM Appliance, className: nr-palette-item-icon, svgPrefix: <svg id="icon" xmlns="http://www.w3.org/2000/svg" width="32"} @ http://localhost:8081/dist/bundle.js:279855
[   21264ms] [INFO] [webpack-dev-server] "/Users/michaelhalder/Documents/Personal Projects/GitHub/NextRack/examples/isometric/.playwright-mcp/console-2026-05-22T07-21-43-558Z.log" from static directory was changed. Reloading... @ http://localhost:8081/dist/bundle.js:244231
[   21264ms] [WARNING] [buildLeaf] {id: hsm, label: HSM Appliance, className: nr-palette-item-icon, svgPrefix: <svg id="icon" xmlns="http://www.w3.org/2000/svg" width="32"} @ http://localhost:8081/dist/bundle.js:279855
[   21265ms] [WARNING] [CD onCatalogChange] firing — rebuilding palette @ http://localhost:8081/dist/bundle.js:279497
[   21265ms] [WARNING] [buildLeaf] {id: hsm, label: HSM Appliance, className: nr-palette-item-icon, svgPrefix: <svg id="icon" xmlns="http://www.w3.org/2000/svg" width="32"} @ http://localhost:8081/dist/bundle.js:279855
[   21291ms] [INFO] [webpack-dev-server] "/Users/michaelhalder/Documents/Personal Projects/GitHub/NextRack/examples/isometric/.playwright-mcp/console-2026-05-22T07-21-43-558Z.log" from static directory was changed. Reloading... @ http://localhost:8081/dist/bundle.js:244231
[   21841ms] [INFO] [webpack-dev-server] Server started: Hot Module Replacement enabled, Live Reloading enabled, Progress disabled, Overlay enabled. @ http://localhost:8081/dist/bundle.js:244231
[   21841ms] [LOG] [HMR] Waiting for update signal from WDS... @ http://localhost:8081/dist/bundle.js:245578
[   21901ms] [WARNING] [buildLeaf] {id: hsm, label: HSM Appliance, className: nr-palette-item-icon, svgPrefix: <svg id="icon" xmlns="http://www.w3.org/2000/svg" width="32"} @ http://localhost:8081/dist/bundle.js:279855
[   21904ms] [WARNING] [buildLeaf] {id: hsm, label: HSM Appliance, className: nr-palette-item-icon, svgPrefix: <svg id="icon" xmlns="http://www.w3.org/2000/svg" width="32"} @ http://localhost:8081/dist/bundle.js:279855
[   21906ms] [WARNING] [buildLeaf] {id: hsm, label: HSM Appliance, className: nr-palette-item-icon, svgPrefix: <svg id="icon" xmlns="http://www.w3.org/2000/svg" width="32"} @ http://localhost:8081/dist/bundle.js:279855
[   21906ms] [WARNING] [CD onCatalogChange] firing — rebuilding palette @ http://localhost:8081/dist/bundle.js:279497
[   21906ms] [WARNING] [buildLeaf] {id: hsm, label: HSM Appliance, className: nr-palette-item-icon, svgPrefix: <svg id="icon" xmlns="http://www.w3.org/2000/svg" width="32"} @ http://localhost:8081/dist/bundle.js:279855
[   21936ms] [INFO] [webpack-dev-server] "/Users/michaelhalder/Documents/Personal Projects/GitHub/NextRack/examples/isometric/.playwright-mcp/console-2026-05-22T07-21-43-558Z.log" from static directory was changed. Reloading... @ http://localhost:8081/dist/bundle.js:244231
[   21937ms] [WARNING] [buildLeaf] {id: hsm, label: HSM Appliance, className: nr-palette-item-icon, svgPrefix: <svg id="icon" xmlns="http://www.w3.org/2000/svg" width="32"} @ http://localhost:8081/dist/bundle.js:279855
[   21937ms] [WARNING] [CD onCatalogChange] firing — rebuilding palette @ http://localhost:8081/dist/bundle.js:279497
[   21937ms] [WARNING] [buildLeaf] {id: hsm, label: HSM Appliance, className: nr-palette-item-icon, svgPrefix: <svg id="icon" xmlns="http://www.w3.org/2000/svg" width="32"} @ http://localhost:8081/dist/bundle.js:279855
[   21960ms] [INFO] [webpack-dev-server] "/Users/michaelhalder/Documents/Personal Projects/GitHub/NextRack/examples/isometric/.playwright-mcp/console-2026-05-22T07-21-43-558Z.log" from static directory was changed. Reloading... @ http://localhost:8081/dist/bundle.js:244231
[   22490ms] [INFO] [webpack-dev-server] Server started: Hot Module Replacement enabled, Live Reloading enabled, Progress disabled, Overlay enabled. @ http://localhost:8081/dist/bundle.js:244231
[   22490ms] [LOG] [HMR] Waiting for update signal from WDS... @ http://localhost:8081/dist/bundle.js:245578
[   22544ms] [WARNING] [buildLeaf] {id: hsm, label: HSM Appliance, className: nr-palette-item-icon, svgPrefix: <svg id="icon" xmlns="http://www.w3.org/2000/svg" width="32"} @ http://localhost:8081/dist/bundle.js:279855
[   22547ms] [WARNING] [buildLeaf] {id: hsm, label: HSM Appliance, className: nr-palette-item-icon, svgPrefix: <svg id="icon" xmlns="http://www.w3.org/2000/svg" width="32"} @ http://localhost:8081/dist/bundle.js:279855
[   22549ms] [WARNING] [buildLeaf] {id: hsm, label: HSM Appliance, className: nr-palette-item-icon, svgPrefix: <svg id="icon" xmlns="http://www.w3.org/2000/svg" width="32"} @ http://localhost:8081/dist/bundle.js:279855
[   22549ms] [WARNING] [CD onCatalogChange] firing — rebuilding palette @ http://localhost:8081/dist/bundle.js:279497
[   22549ms] [WARNING] [buildLeaf] {id: hsm, label: HSM Appliance, className: nr-palette-item-icon, svgPrefix: <svg id="icon" xmlns="http://www.w3.org/2000/svg" width="32"} @ http://localhost:8081/dist/bundle.js:279855
[   22575ms] [INFO] [webpack-dev-server] "/Users/michaelhalder/Documents/Personal Projects/GitHub/NextRack/examples/isometric/.playwright-mcp/console-2026-05-22T07-21-43-558Z.log" from static directory was changed. Reloading... @ http://localhost:8081/dist/bundle.js:244231
[   22576ms] [WARNING] [buildLeaf] {id: hsm, label: HSM Appliance, className: nr-palette-item-icon, svgPrefix: <svg id="icon" xmlns="http://www.w3.org/2000/svg" width="32"} @ http://localhost:8081/dist/bundle.js:279855
[   22576ms] [WARNING] [CD onCatalogChange] firing — rebuilding palette @ http://localhost:8081/dist/bundle.js:279497
[   22576ms] [WARNING] [buildLeaf] {id: hsm, label: HSM Appliance, className: nr-palette-item-icon, svgPrefix: <svg id="icon" xmlns="http://www.w3.org/2000/svg" width="32"} @ http://localhost:8081/dist/bundle.js:279855
[   22605ms] [INFO] [webpack-dev-server] "/Users/michaelhalder/Documents/Personal Projects/GitHub/NextRack/examples/isometric/.playwright-mcp/console-2026-05-22T07-21-43-558Z.log" from static directory was changed. Reloading... @ http://localhost:8081/dist/bundle.js:244231
[   23094ms] [INFO] [webpack-dev-server] Server started: Hot Module Replacement enabled, Live Reloading enabled, Progress disabled, Overlay enabled. @ http://localhost:8081/dist/bundle.js:244231
[   23094ms] [LOG] [HMR] Waiting for update signal from WDS... @ http://localhost:8081/dist/bundle.js:245578
[   23147ms] [WARNING] [buildLeaf] {id: hsm, label: HSM Appliance, className: nr-palette-item-icon, svgPrefix: <svg id="icon" xmlns="http://www.w3.org/2000/svg" width="32"} @ http://localhost:8081/dist/bundle.js:279855
[   23150ms] [WARNING] [buildLeaf] {id: hsm, label: HSM Appliance, className: nr-palette-item-icon, svgPrefix: <svg id="icon" xmlns="http://www.w3.org/2000/svg" width="32"} @ http://localhost:8081/dist/bundle.js:279855
[   23151ms] [WARNING] [buildLeaf] {id: hsm, label: HSM Appliance, className: nr-palette-item-icon, svgPrefix: <svg id="icon" xmlns="http://www.w3.org/2000/svg" width="32"} @ http://localhost:8081/dist/bundle.js:279855
[   23152ms] [WARNING] [CD onCatalogChange] firing — rebuilding palette @ http://localhost:8081/dist/bundle.js:279497
[   23152ms] [WARNING] [buildLeaf] {id: hsm, label: HSM Appliance, className: nr-palette-item-icon, svgPrefix: <svg id="icon" xmlns="http://www.w3.org/2000/svg" width="32"} @ http://localhost:8081/dist/bundle.js:279855
[   23175ms] [INFO] [webpack-dev-server] "/Users/michaelhalder/Documents/Personal Projects/GitHub/NextRack/examples/isometric/.playwright-mcp/console-2026-05-22T07-21-43-558Z.log" from static directory was changed. Reloading... @ http://localhost:8081/dist/bundle.js:244231
[   23176ms] [WARNING] [buildLeaf] {id: hsm, label: HSM Appliance, className: nr-palette-item-icon, svgPrefix: <svg id="icon" xmlns="http://www.w3.org/2000/svg" width="32"} @ http://localhost:8081/dist/bundle.js:279855
[   23176ms] [WARNING] [CD onCatalogChange] firing — rebuilding palette @ http://localhost:8081/dist/bundle.js:279497
[   23177ms] [WARNING] [buildLeaf] {id: hsm, label: HSM Appliance, className: nr-palette-item-icon, svgPrefix: <svg id="icon" xmlns="http://www.w3.org/2000/svg" width="32"} @ http://localhost:8081/dist/bundle.js:279855
[   23556ms] [INFO] [webpack-dev-server] Server started: Hot Module Replacement enabled, Live Reloading enabled, Progress disabled, Overlay enabled. @ http://localhost:8081/dist/bundle.js:244231
[   23557ms] [LOG] [HMR] Waiting for update signal from WDS... @ http://localhost:8081/dist/bundle.js:245578
[   23611ms] [WARNING] [buildLeaf] {id: hsm, label: HSM Appliance, className: nr-palette-item-icon, svgPrefix: <svg id="icon" xmlns="http://www.w3.org/2000/svg" width="32"} @ http://localhost:8081/dist/bundle.js:279855
[   23615ms] [WARNING] [buildLeaf] {id: hsm, label: HSM Appliance, className: nr-palette-item-icon, svgPrefix: <svg id="icon" xmlns="http://www.w3.org/2000/svg" width="32"} @ http://localhost:8081/dist/bundle.js:279855
[   23616ms] [WARNING] [buildLeaf] {id: hsm, label: HSM Appliance, className: nr-palette-item-icon, svgPrefix: <svg id="icon" xmlns="http://www.w3.org/2000/svg" width="32"} @ http://localhost:8081/dist/bundle.js:279855
[   23616ms] [WARNING] [CD onCatalogChange] firing — rebuilding palette @ http://localhost:8081/dist/bundle.js:279497
[   23617ms] [WARNING] [buildLeaf] {id: hsm, label: HSM Appliance, className: nr-palette-item-icon, svgPrefix: <svg id="icon" xmlns="http://www.w3.org/2000/svg" width="32"} @ http://localhost:8081/dist/bundle.js:279855
[   23638ms] [WARNING] [buildLeaf] {id: hsm, label: HSM Appliance, className: nr-palette-item-icon, svgPrefix: <svg id="icon" xmlns="http://www.w3.org/2000/svg" width="32"} @ http://localhost:8081/dist/bundle.js:279855
[   23639ms] [WARNING] [CD onCatalogChange] firing — rebuilding palette @ http://localhost:8081/dist/bundle.js:279497
[   23639ms] [WARNING] [buildLeaf] {id: hsm, label: HSM Appliance, className: nr-palette-item-icon, svgPrefix: <svg id="icon" xmlns="http://www.w3.org/2000/svg" width="32"} @ http://localhost:8081/dist/bundle.js:279855
[   23649ms] [INFO] [webpack-dev-server] "/Users/michaelhalder/Documents/Personal Projects/GitHub/NextRack/examples/isometric/.playwright-mcp/console-2026-05-22T07-21-43-558Z.log" from static directory was changed. Reloading... @ http://localhost:8081/dist/bundle.js:244231
[   24103ms] [INFO] [webpack-dev-server] Server started: Hot Module Replacement enabled, Live Reloading enabled, Progress disabled, Overlay enabled. @ http://localhost:8081/dist/bundle.js:244231
[   24104ms] [LOG] [HMR] Waiting for update signal from WDS... @ http://localhost:8081/dist/bundle.js:245578
[   24156ms] [WARNING] [buildLeaf] {id: hsm, label: HSM Appliance, className: nr-palette-item-icon, svgPrefix: <svg id="icon" xmlns="http://www.w3.org/2000/svg" width="32"} @ http://localhost:8081/dist/bundle.js:279855
[   24159ms] [WARNING] [buildLeaf] {id: hsm, label: HSM Appliance, className: nr-palette-item-icon, svgPrefix: <svg id="icon" xmlns="http://www.w3.org/2000/svg" width="32"} @ http://localhost:8081/dist/bundle.js:279855
[   24160ms] [WARNING] [buildLeaf] {id: hsm, label: HSM Appliance, className: nr-palette-item-icon, svgPrefix: <svg id="icon" xmlns="http://www.w3.org/2000/svg" width="32"} @ http://localhost:8081/dist/bundle.js:279855
[   24161ms] [WARNING] [CD onCatalogChange] firing — rebuilding palette @ http://localhost:8081/dist/bundle.js:279497
[   24161ms] [WARNING] [buildLeaf] {id: hsm, label: HSM Appliance, className: nr-palette-item-icon, svgPrefix: <svg id="icon" xmlns="http://www.w3.org/2000/svg" width="32"} @ http://localhost:8081/dist/bundle.js:279855
[   24186ms] [INFO] [webpack-dev-server] "/Users/michaelhalder/Documents/Personal Projects/GitHub/NextRack/examples/isometric/.playwright-mcp/console-2026-05-22T07-21-43-558Z.log" from static directory was changed. Reloading... @ http://localhost:8081/dist/bundle.js:244231
[   24187ms] [WARNING] [buildLeaf] {id: hsm, label: HSM Appliance, className: nr-palette-item-icon, svgPrefix: <svg id="icon" xmlns="http://www.w3.org/2000/svg" width="32"} @ http://localhost:8081/dist/bundle.js:279855
[   24187ms] [WARNING] [CD onCatalogChange] firing — rebuilding palette @ http://localhost:8081/dist/bundle.js:279497
[   24188ms] [WARNING] [buildLeaf] {id: hsm, label: HSM Appliance, className: nr-palette-item-icon, svgPrefix: <svg id="icon" xmlns="http://www.w3.org/2000/svg" width="32"} @ http://localhost:8081/dist/bundle.js:279855
[   24692ms] [INFO] [webpack-dev-server] Server started: Hot Module Replacement enabled, Live Reloading enabled, Progress disabled, Overlay enabled. @ http://localhost:8081/dist/bundle.js:244231
[   24693ms] [LOG] [HMR] Waiting for update signal from WDS... @ http://localhost:8081/dist/bundle.js:245578
[   24747ms] [WARNING] [buildLeaf] {id: hsm, label: HSM Appliance, className: nr-palette-item-icon, svgPrefix: <svg id="icon" xmlns="http://www.w3.org/2000/svg" width="32"} @ http://localhost:8081/dist/bundle.js:279855
[   24750ms] [WARNING] [buildLeaf] {id: hsm, label: HSM Appliance, className: nr-palette-item-icon, svgPrefix: <svg id="icon" xmlns="http://www.w3.org/2000/svg" width="32"} @ http://localhost:8081/dist/bundle.js:279855
[   24751ms] [WARNING] [buildLeaf] {id: hsm, label: HSM Appliance, className: nr-palette-item-icon, svgPrefix: <svg id="icon" xmlns="http://www.w3.org/2000/svg" width="32"} @ http://localhost:8081/dist/bundle.js:279855
[   24751ms] [WARNING] [CD onCatalogChange] firing — rebuilding palette @ http://localhost:8081/dist/bundle.js:279497
[   24751ms] [WARNING] [buildLeaf] {id: hsm, label: HSM Appliance, className: nr-palette-item-icon, svgPrefix: <svg id="icon" xmlns="http://www.w3.org/2000/svg" width="32"} @ http://localhost:8081/dist/bundle.js:279855
[   24777ms] [INFO] [webpack-dev-server] "/Users/michaelhalder/Documents/Personal Projects/GitHub/NextRack/examples/isometric/.playwright-mcp/console-2026-05-22T07-21-43-558Z.log" from static directory was changed. Reloading... @ http://localhost:8081/dist/bundle.js:244231
[   24778ms] [WARNING] [buildLeaf] {id: hsm, label: HSM Appliance, className: nr-palette-item-icon, svgPrefix: <svg id="icon" xmlns="http://www.w3.org/2000/svg" width="32"} @ http://localhost:8081/dist/bundle.js:279855
[   24778ms] [WARNING] [CD onCatalogChange] firing — rebuilding palette @ http://localhost:8081/dist/bundle.js:279497
[   24778ms] [WARNING] [buildLeaf] {id: hsm, label: HSM Appliance, className: nr-palette-item-icon, svgPrefix: <svg id="icon" xmlns="http://www.w3.org/2000/svg" width="32"} @ http://localhost:8081/dist/bundle.js:279855
[   25256ms] [INFO] [webpack-dev-server] Server started: Hot Module Replacement enabled, Live Reloading enabled, Progress disabled, Overlay enabled. @ http://localhost:8081/dist/bundle.js:244231
[   25256ms] [LOG] [HMR] Waiting for update signal from WDS... @ http://localhost:8081/dist/bundle.js:245578
[   25308ms] [WARNING] [buildLeaf] {id: hsm, label: HSM Appliance, className: nr-palette-item-icon, svgPrefix: <svg id="icon" xmlns="http://www.w3.org/2000/svg" width="32"} @ http://localhost:8081/dist/bundle.js:279855
[   25310ms] [WARNING] [buildLeaf] {id: hsm, label: HSM Appliance, className: nr-palette-item-icon, svgPrefix: <svg id="icon" xmlns="http://www.w3.org/2000/svg" width="32"} @ http://localhost:8081/dist/bundle.js:279855
[   25311ms] [WARNING] [buildLeaf] {id: hsm, label: HSM Appliance, className: nr-palette-item-icon, svgPrefix: <svg id="icon" xmlns="http://www.w3.org/2000/svg" width="32"} @ http://localhost:8081/dist/bundle.js:279855
[   25312ms] [WARNING] [CD onCatalogChange] firing — rebuilding palette @ http://localhost:8081/dist/bundle.js:279497
[   25312ms] [WARNING] [buildLeaf] {id: hsm, label: HSM Appliance, className: nr-palette-item-icon, svgPrefix: <svg id="icon" xmlns="http://www.w3.org/2000/svg" width="32"} @ http://localhost:8081/dist/bundle.js:279855
[   25337ms] [INFO] [webpack-dev-server] "/Users/michaelhalder/Documents/Personal Projects/GitHub/NextRack/examples/isometric/.playwright-mcp/console-2026-05-22T07-21-43-558Z.log" from static directory was changed. Reloading... @ http://localhost:8081/dist/bundle.js:244231
[   25338ms] [WARNING] [buildLeaf] {id: hsm, label: HSM Appliance, className: nr-palette-item-icon, svgPrefix: <svg id="icon" xmlns="http://www.w3.org/2000/svg" width="32"} @ http://localhost:8081/dist/bundle.js:279855
[   25339ms] [WARNING] [CD onCatalogChange] firing — rebuilding palette @ http://localhost:8081/dist/bundle.js:279497
[   25339ms] [WARNING] [buildLeaf] {id: hsm, label: HSM Appliance, className: nr-palette-item-icon, svgPrefix: <svg id="icon" xmlns="http://www.w3.org/2000/svg" width="32"} @ http://localhost:8081/dist/bundle.js:279855
[   25360ms] [INFO] [webpack-dev-server] "/Users/michaelhalder/Documents/Personal Projects/GitHub/NextRack/examples/isometric/.playwright-mcp/console-2026-05-22T07-21-43-558Z.log" from static directory was changed. Reloading... @ http://localhost:8081/dist/bundle.js:244231
[   25874ms] [INFO] [webpack-dev-server] Server started: Hot Module Replacement enabled, Live Reloading enabled, Progress disabled, Overlay enabled. @ http://localhost:8081/dist/bundle.js:244231
[   25875ms] [LOG] [HMR] Waiting for update signal from WDS... @ http://localhost:8081/dist/bundle.js:245578
[   25928ms] [WARNING] [buildLeaf] {id: hsm, label: HSM Appliance, className: nr-palette-item-icon, svgPrefix: <svg id="icon" xmlns="http://www.w3.org/2000/svg" width="32"} @ http://localhost:8081/dist/bundle.js:279855
[   25932ms] [WARNING] [buildLeaf] {id: hsm, label: HSM Appliance, className: nr-palette-item-icon, svgPrefix: <svg id="icon" xmlns="http://www.w3.org/2000/svg" width="32"} @ http://localhost:8081/dist/bundle.js:279855
[   25933ms] [WARNING] [buildLeaf] {id: hsm, label: HSM Appliance, className: nr-palette-item-icon, svgPrefix: <svg id="icon" xmlns="http://www.w3.org/2000/svg" width="32"} @ http://localhost:8081/dist/bundle.js:279855
[   25933ms] [WARNING] [CD onCatalogChange] firing — rebuilding palette @ http://localhost:8081/dist/bundle.js:279497
[   25934ms] [WARNING] [buildLeaf] {id: hsm, label: HSM Appliance, className: nr-palette-item-icon, svgPrefix: <svg id="icon" xmlns="http://www.w3.org/2000/svg" width="32"} @ http://localhost:8081/dist/bundle.js:279855
[   25958ms] [INFO] [webpack-dev-server] "/Users/michaelhalder/Documents/Personal Projects/GitHub/NextRack/examples/isometric/.playwright-mcp/console-2026-05-22T07-21-43-558Z.log" from static directory was changed. Reloading... @ http://localhost:8081/dist/bundle.js:244231
[   25959ms] [WARNING] [buildLeaf] {id: hsm, label: HSM Appliance, className: nr-palette-item-icon, svgPrefix: <svg id="icon" xmlns="http://www.w3.org/2000/svg" width="32"} @ http://localhost:8081/dist/bundle.js:279855
[   25959ms] [WARNING] [CD onCatalogChange] firing — rebuilding palette @ http://localhost:8081/dist/bundle.js:279497
[   25960ms] [WARNING] [buildLeaf] {id: hsm, label: HSM Appliance, className: nr-palette-item-icon, svgPrefix: <svg id="icon" xmlns="http://www.w3.org/2000/svg" width="32"} @ http://localhost:8081/dist/bundle.js:279855
[   26486ms] [INFO] [webpack-dev-server] Server started: Hot Module Replacement enabled, Live Reloading enabled, Progress disabled, Overlay enabled. @ http://localhost:8081/dist/bundle.js:244231
[   26487ms] [LOG] [HMR] Waiting for update signal from WDS... @ http://localhost:8081/dist/bundle.js:245578
[   26542ms] [WARNING] [buildLeaf] {id: hsm, label: HSM Appliance, className: nr-palette-item-icon, svgPrefix: <svg id="icon" xmlns="http://www.w3.org/2000/svg" width="32"} @ http://localhost:8081/dist/bundle.js:279855
[   26545ms] [WARNING] [buildLeaf] {id: hsm, label: HSM Appliance, className: nr-palette-item-icon, svgPrefix: <svg id="icon" xmlns="http://www.w3.org/2000/svg" width="32"} @ http://localhost:8081/dist/bundle.js:279855
[   26546ms] [WARNING] [buildLeaf] {id: hsm, label: HSM Appliance, className: nr-palette-item-icon, svgPrefix: <svg id="icon" xmlns="http://www.w3.org/2000/svg" width="32"} @ http://localhost:8081/dist/bundle.js:279855
[   26546ms] [WARNING] [CD onCatalogChange] firing — rebuilding palette @ http://localhost:8081/dist/bundle.js:279497
[   26547ms] [WARNING] [buildLeaf] {id: hsm, label: HSM Appliance, className: nr-palette-item-icon, svgPrefix: <svg id="icon" xmlns="http://www.w3.org/2000/svg" width="32"} @ http://localhost:8081/dist/bundle.js:279855
[   26573ms] [WARNING] [buildLeaf] {id: hsm, label: HSM Appliance, className: nr-palette-item-icon, svgPrefix: <svg id="icon" xmlns="http://www.w3.org/2000/svg" width="32"} @ http://localhost:8081/dist/bundle.js:279855
[   26574ms] [WARNING] [CD onCatalogChange] firing — rebuilding palette @ http://localhost:8081/dist/bundle.js:279497
[   26574ms] [WARNING] [buildLeaf] {id: hsm, label: HSM Appliance, className: nr-palette-item-icon, svgPrefix: <svg id="icon" xmlns="http://www.w3.org/2000/svg" width="32"} @ http://localhost:8081/dist/bundle.js:279855
[   26601ms] [INFO] [webpack-dev-server] "/Users/michaelhalder/Documents/Personal Projects/GitHub/NextRack/examples/isometric/.playwright-mcp/console-2026-05-22T07-21-43-558Z.log" from static directory was changed. Reloading... @ http://localhost:8081/dist/bundle.js:244231
[   27065ms] [INFO] [webpack-dev-server] Server started: Hot Module Replacement enabled, Live Reloading enabled, Progress disabled, Overlay enabled. @ http://localhost:8081/dist/bundle.js:244231
[   27065ms] [LOG] [HMR] Waiting for update signal from WDS... @ http://localhost:8081/dist/bundle.js:245578
[   27117ms] [WARNING] [buildLeaf] {id: hsm, label: HSM Appliance, className: nr-palette-item-icon, svgPrefix: <svg id="icon" xmlns="http://www.w3.org/2000/svg" width="32"} @ http://localhost:8081/dist/bundle.js:279855
[   27120ms] [WARNING] [buildLeaf] {id: hsm, label: HSM Appliance, className: nr-palette-item-icon, svgPrefix: <svg id="icon" xmlns="http://www.w3.org/2000/svg" width="32"} @ http://localhost:8081/dist/bundle.js:279855
[   27121ms] [WARNING] [buildLeaf] {id: hsm, label: HSM Appliance, className: nr-palette-item-icon, svgPrefix: <svg id="icon" xmlns="http://www.w3.org/2000/svg" width="32"} @ http://localhost:8081/dist/bundle.js:279855
[   27121ms] [WARNING] [CD onCatalogChange] firing — rebuilding palette @ http://localhost:8081/dist/bundle.js:279497
[   27121ms] [WARNING] [buildLeaf] {id: hsm, label: HSM Appliance, className: nr-palette-item-icon, svgPrefix: <svg id="icon" xmlns="http://www.w3.org/2000/svg" width="32"} @ http://localhost:8081/dist/bundle.js:279855
[   27141ms] [INFO] [webpack-dev-server] "/Users/michaelhalder/Documents/Personal Projects/GitHub/NextRack/examples/isometric/.playwright-mcp/console-2026-05-22T07-21-43-558Z.log" from static directory was changed. Reloading... @ http://localhost:8081/dist/bundle.js:244231
[   27146ms] [WARNING] [buildLeaf] {id: hsm, label: HSM Appliance, className: nr-palette-item-icon, svgPrefix: <svg id="icon" xmlns="http://www.w3.org/2000/svg" width="32"} @ http://localhost:8081/dist/bundle.js:279855
[   27147ms] [WARNING] [CD onCatalogChange] firing — rebuilding palette @ http://localhost:8081/dist/bundle.js:279497
[   27147ms] [WARNING] [buildLeaf] {id: hsm, label: HSM Appliance, className: nr-palette-item-icon, svgPrefix: <svg id="icon" xmlns="http://www.w3.org/2000/svg" width="32"} @ http://localhost:8081/dist/bundle.js:279855
[   27606ms] [INFO] [webpack-dev-server] Server started: Hot Module Replacement enabled, Live Reloading enabled, Progress disabled, Overlay enabled. @ http://localhost:8081/dist/bundle.js:244231
[   27606ms] [LOG] [HMR] Waiting for update signal from WDS... @ http://localhost:8081/dist/bundle.js:245578
[   27658ms] [WARNING] [buildLeaf] {id: hsm, label: HSM Appliance, className: nr-palette-item-icon, svgPrefix: <svg id="icon" xmlns="http://www.w3.org/2000/svg" width="32"} @ http://localhost:8081/dist/bundle.js:279855
[   27661ms] [WARNING] [buildLeaf] {id: hsm, label: HSM Appliance, className: nr-palette-item-icon, svgPrefix: <svg id="icon" xmlns="http://www.w3.org/2000/svg" width="32"} @ http://localhost:8081/dist/bundle.js:279855
[   27662ms] [WARNING] [buildLeaf] {id: hsm, label: HSM Appliance, className: nr-palette-item-icon, svgPrefix: <svg id="icon" xmlns="http://www.w3.org/2000/svg" width="32"} @ http://localhost:8081/dist/bundle.js:279855
[   27663ms] [WARNING] [CD onCatalogChange] firing — rebuilding palette @ http://localhost:8081/dist/bundle.js:279497
[   27663ms] [WARNING] [buildLeaf] {id: hsm, label: HSM Appliance, className: nr-palette-item-icon, svgPrefix: <svg id="icon" xmlns="http://www.w3.org/2000/svg" width="32"} @ http://localhost:8081/dist/bundle.js:279855
[   27684ms] [WARNING] [buildLeaf] {id: hsm, label: HSM Appliance, className: nr-palette-item-icon, svgPrefix: <svg id="icon" xmlns="http://www.w3.org/2000/svg" width="32"} @ http://localhost:8081/dist/bundle.js:279855
[   27684ms] [WARNING] [CD onCatalogChange] firing — rebuilding palette @ http://localhost:8081/dist/bundle.js:279497
[   27684ms] [WARNING] [buildLeaf] {id: hsm, label: HSM Appliance, className: nr-palette-item-icon, svgPrefix: <svg id="icon" xmlns="http://www.w3.org/2000/svg" width="32"} @ http://localhost:8081/dist/bundle.js:279855
[   27694ms] [INFO] [webpack-dev-server] "/Users/michaelhalder/Documents/Personal Projects/GitHub/NextRack/examples/isometric/.playwright-mcp/console-2026-05-22T07-21-43-558Z.log" from static directory was changed. Reloading... @ http://localhost:8081/dist/bundle.js:244231
[   28099ms] [INFO] [webpack-dev-server] Server started: Hot Module Replacement enabled, Live Reloading enabled, Progress disabled, Overlay enabled. @ http://localhost:8081/dist/bundle.js:244231
[   28099ms] [LOG] [HMR] Waiting for update signal from WDS... @ http://localhost:8081/dist/bundle.js:245578
[   28153ms] [WARNING] [buildLeaf] {id: hsm, label: HSM Appliance, className: nr-palette-item-icon, svgPrefix: <svg id="icon" xmlns="http://www.w3.org/2000/svg" width="32"} @ http://localhost:8081/dist/bundle.js:279855
[   28156ms] [WARNING] [buildLeaf] {id: hsm, label: HSM Appliance, className: nr-palette-item-icon, svgPrefix: <svg id="icon" xmlns="http://www.w3.org/2000/svg" width="32"} @ http://localhost:8081/dist/bundle.js:279855
[   28157ms] [WARNING] [buildLeaf] {id: hsm, label: HSM Appliance, className: nr-palette-item-icon, svgPrefix: <svg id="icon" xmlns="http://www.w3.org/2000/svg" width="32"} @ http://localhost:8081/dist/bundle.js:279855
[   28157ms] [WARNING] [CD onCatalogChange] firing — rebuilding palette @ http://localhost:8081/dist/bundle.js:279497
[   28158ms] [WARNING] [buildLeaf] {id: hsm, label: HSM Appliance, className: nr-palette-item-icon, svgPrefix: <svg id="icon" xmlns="http://www.w3.org/2000/svg" width="32"} @ http://localhost:8081/dist/bundle.js:279855
[   28181ms] [INFO] [webpack-dev-server] "/Users/michaelhalder/Documents/Personal Projects/GitHub/NextRack/examples/isometric/.playwright-mcp/console-2026-05-22T07-21-43-558Z.log" from static directory was changed. Reloading... @ http://localhost:8081/dist/bundle.js:244231
[   28182ms] [WARNING] [buildLeaf] {id: hsm, label: HSM Appliance, className: nr-palette-item-icon, svgPrefix: <svg id="icon" xmlns="http://www.w3.org/2000/svg" width="32"} @ http://localhost:8081/dist/bundle.js:279855
[   28183ms] [WARNING] [CD onCatalogChange] firing — rebuilding palette @ http://localhost:8081/dist/bundle.js:279497
[   28183ms] [WARNING] [buildLeaf] {id: hsm, label: HSM Appliance, className: nr-palette-item-icon, svgPrefix: <svg id="icon" xmlns="http://www.w3.org/2000/svg" width="32"} @ http://localhost:8081/dist/bundle.js:279855
[   28686ms] [INFO] [webpack-dev-server] Server started: Hot Module Replacement enabled, Live Reloading enabled, Progress disabled, Overlay enabled. @ http://localhost:8081/dist/bundle.js:244231
[   28687ms] [LOG] [HMR] Waiting for update signal from WDS... @ http://localhost:8081/dist/bundle.js:245578
[   28740ms] [WARNING] [buildLeaf] {id: hsm, label: HSM Appliance, className: nr-palette-item-icon, svgPrefix: <svg id="icon" xmlns="http://www.w3.org/2000/svg" width="32"} @ http://localhost:8081/dist/bundle.js:279855
[   28743ms] [WARNING] [buildLeaf] {id: hsm, label: HSM Appliance, className: nr-palette-item-icon, svgPrefix: <svg id="icon" xmlns="http://www.w3.org/2000/svg" width="32"} @ http://localhost:8081/dist/bundle.js:279855
[   28744ms] [WARNING] [buildLeaf] {id: hsm, label: HSM Appliance, className: nr-palette-item-icon, svgPrefix: <svg id="icon" xmlns="http://www.w3.org/2000/svg" width="32"} @ http://localhost:8081/dist/bundle.js:279855
[   28745ms] [WARNING] [CD onCatalogChange] firing — rebuilding palette @ http://localhost:8081/dist/bundle.js:279497
[   28745ms] [WARNING] [buildLeaf] {id: hsm, label: HSM Appliance, className: nr-palette-item-icon, svgPrefix: <svg id="icon" xmlns="http://www.w3.org/2000/svg" width="32"} @ http://localhost:8081/dist/bundle.js:279855
[   28767ms] [INFO] [webpack-dev-server] "/Users/michaelhalder/Documents/Personal Projects/GitHub/NextRack/examples/isometric/.playwright-mcp/console-2026-05-22T07-21-43-558Z.log" from static directory was changed. Reloading... @ http://localhost:8081/dist/bundle.js:244231
[   28786ms] [WARNING] [buildLeaf] {id: hsm, label: HSM Appliance, className: nr-palette-item-icon, svgPrefix: <svg id="icon" xmlns="http://www.w3.org/2000/svg" width="32"} @ http://localhost:8081/dist/bundle.js:279855
[   28786ms] [WARNING] [CD onCatalogChange] firing — rebuilding palette @ http://localhost:8081/dist/bundle.js:279497
[   28787ms] [WARNING] [buildLeaf] {id: hsm, label: HSM Appliance, className: nr-palette-item-icon, svgPrefix: <svg id="icon" xmlns="http://www.w3.org/2000/svg" width="32"} @ http://localhost:8081/dist/bundle.js:279855
[   29327ms] [INFO] [webpack-dev-server] Server started: Hot Module Replacement enabled, Live Reloading enabled, Progress disabled, Overlay enabled. @ http://localhost:8081/dist/bundle.js:244231
[   29328ms] [LOG] [HMR] Waiting for update signal from WDS... @ http://localhost:8081/dist/bundle.js:245578
[   29384ms] [WARNING] [buildLeaf] {id: hsm, label: HSM Appliance, className: nr-palette-item-icon, svgPrefix: <svg id="icon" xmlns="http://www.w3.org/2000/svg" width="32"} @ http://localhost:8081/dist/bundle.js:279855
[   29388ms] [WARNING] [buildLeaf] {id: hsm, label: HSM Appliance, className: nr-palette-item-icon, svgPrefix: <svg id="icon" xmlns="http://www.w3.org/2000/svg" width="32"} @ http://localhost:8081/dist/bundle.js:279855
[   29390ms] [WARNING] [buildLeaf] {id: hsm, label: HSM Appliance, className: nr-palette-item-icon, svgPrefix: <svg id="icon" xmlns="http://www.w3.org/2000/svg" width="32"} @ http://localhost:8081/dist/bundle.js:279855
[   29390ms] [WARNING] [CD onCatalogChange] firing — rebuilding palette @ http://localhost:8081/dist/bundle.js:279497
[   29391ms] [WARNING] [buildLeaf] {id: hsm, label: HSM Appliance, className: nr-palette-item-icon, svgPrefix: <svg id="icon" xmlns="http://www.w3.org/2000/svg" width="32"} @ http://localhost:8081/dist/bundle.js:279855
[   29412ms] [INFO] [webpack-dev-server] "/Users/michaelhalder/Documents/Personal Projects/GitHub/NextRack/examples/isometric/.playwright-mcp/console-2026-05-22T07-21-43-558Z.log" from static directory was changed. Reloading... @ http://localhost:8081/dist/bundle.js:244231
[   29413ms] [WARNING] [buildLeaf] {id: hsm, label: HSM Appliance, className: nr-palette-item-icon, svgPrefix: <svg id="icon" xmlns="http://www.w3.org/2000/svg" width="32"} @ http://localhost:8081/dist/bundle.js:279855
[   29414ms] [WARNING] [CD onCatalogChange] firing — rebuilding palette @ http://localhost:8081/dist/bundle.js:279497
[   29414ms] [WARNING] [buildLeaf] {id: hsm, label: HSM Appliance, className: nr-palette-item-icon, svgPrefix: <svg id="icon" xmlns="http://www.w3.org/2000/svg" width="32"} @ http://localhost:8081/dist/bundle.js:279855
[   30063ms] [INFO] [webpack-dev-server] Server started: Hot Module Replacement enabled, Live Reloading enabled, Progress disabled, Overlay enabled. @ http://localhost:8081/dist/bundle.js:244231
[   30064ms] [LOG] [HMR] Waiting for update signal from WDS... @ http://localhost:8081/dist/bundle.js:245578
[   30117ms] [WARNING] [buildLeaf] {id: hsm, label: HSM Appliance, className: nr-palette-item-icon, svgPrefix: <svg id="icon" xmlns="http://www.w3.org/2000/svg" width="32"} @ http://localhost:8081/dist/bundle.js:279855
[   30121ms] [WARNING] [buildLeaf] {id: hsm, label: HSM Appliance, className: nr-palette-item-icon, svgPrefix: <svg id="icon" xmlns="http://www.w3.org/2000/svg" width="32"} @ http://localhost:8081/dist/bundle.js:279855
[   30122ms] [WARNING] [buildLeaf] {id: hsm, label: HSM Appliance, className: nr-palette-item-icon, svgPrefix: <svg id="icon" xmlns="http://www.w3.org/2000/svg" width="32"} @ http://localhost:8081/dist/bundle.js:279855
[   30122ms] [WARNING] [CD onCatalogChange] firing — rebuilding palette @ http://localhost:8081/dist/bundle.js:279497
[   30122ms] [WARNING] [buildLeaf] {id: hsm, label: HSM Appliance, className: nr-palette-item-icon, svgPrefix: <svg id="icon" xmlns="http://www.w3.org/2000/svg" width="32"} @ http://localhost:8081/dist/bundle.js:279855
[   30146ms] [WARNING] [buildLeaf] {id: hsm, label: HSM Appliance, className: nr-palette-item-icon, svgPrefix: <svg id="icon" xmlns="http://www.w3.org/2000/svg" width="32"} @ http://localhost:8081/dist/bundle.js:279855
[   30147ms] [WARNING] [CD onCatalogChange] firing — rebuilding palette @ http://localhost:8081/dist/bundle.js:279497
[   30147ms] [WARNING] [buildLeaf] {id: hsm, label: HSM Appliance, className: nr-palette-item-icon, svgPrefix: <svg id="icon" xmlns="http://www.w3.org/2000/svg" width="32"} @ http://localhost:8081/dist/bundle.js:279855
[   30177ms] [INFO] [webpack-dev-server] "/Users/michaelhalder/Documents/Personal Projects/GitHub/NextRack/examples/isometric/.playwright-mcp/console-2026-05-22T07-21-43-558Z.log" from static directory was changed. Reloading... @ http://localhost:8081/dist/bundle.js:244231
[   30657ms] [INFO] [webpack-dev-server] Server started: Hot Module Replacement enabled, Live Reloading enabled, Progress disabled, Overlay enabled. @ http://localhost:8081/dist/bundle.js:244231
[   30657ms] [LOG] [HMR] Waiting for update signal from WDS... @ http://localhost:8081/dist/bundle.js:245578
[   30711ms] [WARNING] [buildLeaf] {id: hsm, label: HSM Appliance, className: nr-palette-item-icon, svgPrefix: <svg id="icon" xmlns="http://www.w3.org/2000/svg" width="32"} @ http://localhost:8081/dist/bundle.js:279855
[   30715ms] [WARNING] [buildLeaf] {id: hsm, label: HSM Appliance, className: nr-palette-item-icon, svgPrefix: <svg id="icon" xmlns="http://www.w3.org/2000/svg" width="32"} @ http://localhost:8081/dist/bundle.js:279855
[   30716ms] [WARNING] [buildLeaf] {id: hsm, label: HSM Appliance, className: nr-palette-item-icon, svgPrefix: <svg id="icon" xmlns="http://www.w3.org/2000/svg" width="32"} @ http://localhost:8081/dist/bundle.js:279855
[   30717ms] [WARNING] [CD onCatalogChange] firing — rebuilding palette @ http://localhost:8081/dist/bundle.js:279497
[   30717ms] [WARNING] [buildLeaf] {id: hsm, label: HSM Appliance, className: nr-palette-item-icon, svgPrefix: <svg id="icon" xmlns="http://www.w3.org/2000/svg" width="32"} @ http://localhost:8081/dist/bundle.js:279855
[   30737ms] [INFO] [webpack-dev-server] "/Users/michaelhalder/Documents/Personal Projects/GitHub/NextRack/examples/isometric/.playwright-mcp/console-2026-05-22T07-21-43-558Z.log" from static directory was changed. Reloading... @ http://localhost:8081/dist/bundle.js:244231
[   30738ms] [WARNING] [buildLeaf] {id: hsm, label: HSM Appliance, className: nr-palette-item-icon, svgPrefix: <svg id="icon" xmlns="http://www.w3.org/2000/svg" width="32"} @ http://localhost:8081/dist/bundle.js:279855
[   30739ms] [WARNING] [CD onCatalogChange] firing — rebuilding palette @ http://localhost:8081/dist/bundle.js:279497
[   30739ms] [WARNING] [buildLeaf] {id: hsm, label: HSM Appliance, className: nr-palette-item-icon, svgPrefix: <svg id="icon" xmlns="http://www.w3.org/2000/svg" width="32"} @ http://localhost:8081/dist/bundle.js:279855
[   31155ms] [INFO] [webpack-dev-server] Server started: Hot Module Replacement enabled, Live Reloading enabled, Progress disabled, Overlay enabled. @ http://localhost:8081/dist/bundle.js:244231
[   31156ms] [LOG] [HMR] Waiting for update signal from WDS... @ http://localhost:8081/dist/bundle.js:245578
[   31211ms] [WARNING] [buildLeaf] {id: hsm, label: HSM Appliance, className: nr-palette-item-icon, svgPrefix: <svg id="icon" xmlns="http://www.w3.org/2000/svg" width="32"} @ http://localhost:8081/dist/bundle.js:279855
[   31214ms] [WARNING] [buildLeaf] {id: hsm, label: HSM Appliance, className: nr-palette-item-icon, svgPrefix: <svg id="icon" xmlns="http://www.w3.org/2000/svg" width="32"} @ http://localhost:8081/dist/bundle.js:279855
[   31215ms] [WARNING] [buildLeaf] {id: hsm, label: HSM Appliance, className: nr-palette-item-icon, svgPrefix: <svg id="icon" xmlns="http://www.w3.org/2000/svg" width="32"} @ http://localhost:8081/dist/bundle.js:279855
[   31216ms] [WARNING] [CD onCatalogChange] firing — rebuilding palette @ http://localhost:8081/dist/bundle.js:279497
[   31216ms] [WARNING] [buildLeaf] {id: hsm, label: HSM Appliance, className: nr-palette-item-icon, svgPrefix: <svg id="icon" xmlns="http://www.w3.org/2000/svg" width="32"} @ http://localhost:8081/dist/bundle.js:279855
[   31236ms] [INFO] [webpack-dev-server] "/Users/michaelhalder/Documents/Personal Projects/GitHub/NextRack/examples/isometric/.playwright-mcp/console-2026-05-22T07-21-43-558Z.log" from static directory was changed. Reloading... @ http://localhost:8081/dist/bundle.js:244231
[   31237ms] [WARNING] [buildLeaf] {id: hsm, label: HSM Appliance, className: nr-palette-item-icon, svgPrefix: <svg id="icon" xmlns="http://www.w3.org/2000/svg" width="32"} @ http://localhost:8081/dist/bundle.js:279855
[   31237ms] [WARNING] [CD onCatalogChange] firing — rebuilding palette @ http://localhost:8081/dist/bundle.js:279497
[   31238ms] [WARNING] [buildLeaf] {id: hsm, label: HSM Appliance, className: nr-palette-item-icon, svgPrefix: <svg id="icon" xmlns="http://www.w3.org/2000/svg" width="32"} @ http://localhost:8081/dist/bundle.js:279855
[   31684ms] [INFO] [webpack-dev-server] Server started: Hot Module Replacement enabled, Live Reloading enabled, Progress disabled, Overlay enabled. @ http://localhost:8081/dist/bundle.js:244231
[   31685ms] [LOG] [HMR] Waiting for update signal from WDS... @ http://localhost:8081/dist/bundle.js:245578
[   31741ms] [WARNING] [buildLeaf] {id: hsm, label: HSM Appliance, className: nr-palette-item-icon, svgPrefix: <svg id="icon" xmlns="http://www.w3.org/2000/svg" width="32"} @ http://localhost:8081/dist/bundle.js:279855
[   31744ms] [WARNING] [buildLeaf] {id: hsm, label: HSM Appliance, className: nr-palette-item-icon, svgPrefix: <svg id="icon" xmlns="http://www.w3.org/2000/svg" width="32"} @ http://localhost:8081/dist/bundle.js:279855
[   31745ms] [WARNING] [buildLeaf] {id: hsm, label: HSM Appliance, className: nr-palette-item-icon, svgPrefix: <svg id="icon" xmlns="http://www.w3.org/2000/svg" width="32"} @ http://localhost:8081/dist/bundle.js:279855
[   31746ms] [WARNING] [CD onCatalogChange] firing — rebuilding palette @ http://localhost:8081/dist/bundle.js:279497
[   31746ms] [WARNING] [buildLeaf] {id: hsm, label: HSM Appliance, className: nr-palette-item-icon, svgPrefix: <svg id="icon" xmlns="http://www.w3.org/2000/svg" width="32"} @ http://localhost:8081/dist/bundle.js:279855
[   31770ms] [INFO] [webpack-dev-server] "/Users/michaelhalder/Documents/Personal Projects/GitHub/NextRack/examples/isometric/.playwright-mcp/console-2026-05-22T07-21-43-558Z.log" from static directory was changed. Reloading... @ http://localhost:8081/dist/bundle.js:244231
[   31771ms] [WARNING] [buildLeaf] {id: hsm, label: HSM Appliance, className: nr-palette-item-icon, svgPrefix: <svg id="icon" xmlns="http://www.w3.org/2000/svg" width="32"} @ http://localhost:8081/dist/bundle.js:279855
[   31771ms] [WARNING] [CD onCatalogChange] firing — rebuilding palette @ http://localhost:8081/dist/bundle.js:279497
[   31772ms] [WARNING] [buildLeaf] {id: hsm, label: HSM Appliance, className: nr-palette-item-icon, svgPrefix: <svg id="icon" xmlns="http://www.w3.org/2000/svg" width="32"} @ http://localhost:8081/dist/bundle.js:279855
[   32295ms] [INFO] [webpack-dev-server] Server started: Hot Module Replacement enabled, Live Reloading enabled, Progress disabled, Overlay enabled. @ http://localhost:8081/dist/bundle.js:244231
[   32295ms] [LOG] [HMR] Waiting for update signal from WDS... @ http://localhost:8081/dist/bundle.js:245578
[   32350ms] [WARNING] [buildLeaf] {id: hsm, label: HSM Appliance, className: nr-palette-item-icon, svgPrefix: <svg id="icon" xmlns="http://www.w3.org/2000/svg" width="32"} @ http://localhost:8081/dist/bundle.js:279855
[   32354ms] [WARNING] [buildLeaf] {id: hsm, label: HSM Appliance, className: nr-palette-item-icon, svgPrefix: <svg id="icon" xmlns="http://www.w3.org/2000/svg" width="32"} @ http://localhost:8081/dist/bundle.js:279855
[   32356ms] [WARNING] [buildLeaf] {id: hsm, label: HSM Appliance, className: nr-palette-item-icon, svgPrefix: <svg id="icon" xmlns="http://www.w3.org/2000/svg" width="32"} @ http://localhost:8081/dist/bundle.js:279855
[   32356ms] [WARNING] [CD onCatalogChange] firing — rebuilding palette @ http://localhost:8081/dist/bundle.js:279497
[   32357ms] [WARNING] [buildLeaf] {id: hsm, label: HSM Appliance, className: nr-palette-item-icon, svgPrefix: <svg id="icon" xmlns="http://www.w3.org/2000/svg" width="32"} @ http://localhost:8081/dist/bundle.js:279855
[   32382ms] [INFO] [webpack-dev-server] "/Users/michaelhalder/Documents/Personal Projects/GitHub/NextRack/examples/isometric/.playwright-mcp/console-2026-05-22T07-21-43-558Z.log" from static directory was changed. Reloading... @ http://localhost:8081/dist/bundle.js:244231
[   32383ms] [WARNING] [buildLeaf] {id: hsm, label: HSM Appliance, className: nr-palette-item-icon, svgPrefix: <svg id="icon" xmlns="http://www.w3.org/2000/svg" width="32"} @ http://localhost:8081/dist/bundle.js:279855
[   32383ms] [WARNING] [CD onCatalogChange] firing — rebuilding palette @ http://localhost:8081/dist/bundle.js:279497
[   32384ms] [WARNING] [buildLeaf] {id: hsm, label: HSM Appliance, className: nr-palette-item-icon, svgPrefix: <svg id="icon" xmlns="http://www.w3.org/2000/svg" width="32"} @ http://localhost:8081/dist/bundle.js:279855
[   32402ms] [INFO] [webpack-dev-server] "/Users/michaelhalder/Documents/Personal Projects/GitHub/NextRack/examples/isometric/.playwright-mcp/console-2026-05-22T07-21-43-558Z.log" from static directory was changed. Reloading... @ http://localhost:8081/dist/bundle.js:244231
[   32893ms] [INFO] [webpack-dev-server] Server started: Hot Module Replacement enabled, Live Reloading enabled, Progress disabled, Overlay enabled. @ http://localhost:8081/dist/bundle.js:244231
[   32893ms] [LOG] [HMR] Waiting for update signal from WDS... @ http://localhost:8081/dist/bundle.js:245578
[   32947ms] [WARNING] [buildLeaf] {id: hsm, label: HSM Appliance, className: nr-palette-item-icon, svgPrefix: <svg id="icon" xmlns="http://www.w3.org/2000/svg" width="32"} @ http://localhost:8081/dist/bundle.js:279855
[   32950ms] [WARNING] [buildLeaf] {id: hsm, label: HSM Appliance, className: nr-palette-item-icon, svgPrefix: <svg id="icon" xmlns="http://www.w3.org/2000/svg" width="32"} @ http://localhost:8081/dist/bundle.js:279855
[   32951ms] [WARNING] [buildLeaf] {id: hsm, label: HSM Appliance, className: nr-palette-item-icon, svgPrefix: <svg id="icon" xmlns="http://www.w3.org/2000/svg" width="32"} @ http://localhost:8081/dist/bundle.js:279855
[   32952ms] [WARNING] [CD onCatalogChange] firing — rebuilding palette @ http://localhost:8081/dist/bundle.js:279497
[   32952ms] [WARNING] [buildLeaf] {id: hsm, label: HSM Appliance, className: nr-palette-item-icon, svgPrefix: <svg id="icon" xmlns="http://www.w3.org/2000/svg" width="32"} @ http://localhost:8081/dist/bundle.js:279855
[   32978ms] [INFO] [webpack-dev-server] "/Users/michaelhalder/Documents/Personal Projects/GitHub/NextRack/examples/isometric/.playwright-mcp/console-2026-05-22T07-21-43-558Z.log" from static directory was changed. Reloading... @ http://localhost:8081/dist/bundle.js:244231
[   32979ms] [WARNING] [buildLeaf] {id: hsm, label: HSM Appliance, className: nr-palette-item-icon, svgPrefix: <svg id="icon" xmlns="http://www.w3.org/2000/svg" width="32"} @ http://localhost:8081/dist/bundle.js:279855
[   32980ms] [WARNING] [CD onCatalogChange] firing — rebuilding palette @ http://localhost:8081/dist/bundle.js:279497
[   32980ms] [WARNING] [buildLeaf] {id: hsm, label: HSM Appliance, className: nr-palette-item-icon, svgPrefix: <svg id="icon" xmlns="http://www.w3.org/2000/svg" width="32"} @ http://localhost:8081/dist/bundle.js:279855
[   33411ms] [INFO] [webpack-dev-server] Server started: Hot Module Replacement enabled, Live Reloading enabled, Progress disabled, Overlay enabled. @ http://localhost:8081/dist/bundle.js:244231
[   33411ms] [LOG] [HMR] Waiting for update signal from WDS... @ http://localhost:8081/dist/bundle.js:245578
[   33465ms] [WARNING] [buildLeaf] {id: hsm, label: HSM Appliance, className: nr-palette-item-icon, svgPrefix: <svg id="icon" xmlns="http://www.w3.org/2000/svg" width="32"} @ http://localhost:8081/dist/bundle.js:279855
[   33468ms] [WARNING] [buildLeaf] {id: hsm, label: HSM Appliance, className: nr-palette-item-icon, svgPrefix: <svg id="icon" xmlns="http://www.w3.org/2000/svg" width="32"} @ http://localhost:8081/dist/bundle.js:279855
[   33469ms] [WARNING] [buildLeaf] {id: hsm, label: HSM Appliance, className: nr-palette-item-icon, svgPrefix: <svg id="icon" xmlns="http://www.w3.org/2000/svg" width="32"} @ http://localhost:8081/dist/bundle.js:279855
[   33469ms] [WARNING] [CD onCatalogChange] firing — rebuilding palette @ http://localhost:8081/dist/bundle.js:279497
[   33469ms] [WARNING] [buildLeaf] {id: hsm, label: HSM Appliance, className: nr-palette-item-icon, svgPrefix: <svg id="icon" xmlns="http://www.w3.org/2000/svg" width="32"} @ http://localhost:8081/dist/bundle.js:279855
[   33494ms] [INFO] [webpack-dev-server] "/Users/michaelhalder/Documents/Personal Projects/GitHub/NextRack/examples/isometric/.playwright-mcp/console-2026-05-22T07-21-43-558Z.log" from static directory was changed. Reloading... @ http://localhost:8081/dist/bundle.js:244231
[   33495ms] [WARNING] [buildLeaf] {id: hsm, label: HSM Appliance, className: nr-palette-item-icon, svgPrefix: <svg id="icon" xmlns="http://www.w3.org/2000/svg" width="32"} @ http://localhost:8081/dist/bundle.js:279855
[   33495ms] [WARNING] [CD onCatalogChange] firing — rebuilding palette @ http://localhost:8081/dist/bundle.js:279497
[   33496ms] [WARNING] [buildLeaf] {id: hsm, label: HSM Appliance, className: nr-palette-item-icon, svgPrefix: <svg id="icon" xmlns="http://www.w3.org/2000/svg" width="32"} @ http://localhost:8081/dist/bundle.js:279855
[   33949ms] [INFO] [webpack-dev-server] Server started: Hot Module Replacement enabled, Live Reloading enabled, Progress disabled, Overlay enabled. @ http://localhost:8081/dist/bundle.js:244231
[   33950ms] [LOG] [HMR] Waiting for update signal from WDS... @ http://localhost:8081/dist/bundle.js:245578
[   34002ms] [WARNING] [buildLeaf] {id: hsm, label: HSM Appliance, className: nr-palette-item-icon, svgPrefix: <svg id="icon" xmlns="http://www.w3.org/2000/svg" width="32"} @ http://localhost:8081/dist/bundle.js:279855
[   34005ms] [WARNING] [buildLeaf] {id: hsm, label: HSM Appliance, className: nr-palette-item-icon, svgPrefix: <svg id="icon" xmlns="http://www.w3.org/2000/svg" width="32"} @ http://localhost:8081/dist/bundle.js:279855
[   34006ms] [WARNING] [buildLeaf] {id: hsm, label: HSM Appliance, className: nr-palette-item-icon, svgPrefix: <svg id="icon" xmlns="http://www.w3.org/2000/svg" width="32"} @ http://localhost:8081/dist/bundle.js:279855
[   34006ms] [WARNING] [CD onCatalogChange] firing — rebuilding palette @ http://localhost:8081/dist/bundle.js:279497
[   34006ms] [WARNING] [buildLeaf] {id: hsm, label: HSM Appliance, className: nr-palette-item-icon, svgPrefix: <svg id="icon" xmlns="http://www.w3.org/2000/svg" width="32"} @ http://localhost:8081/dist/bundle.js:279855
[   34031ms] [WARNING] [buildLeaf] {id: hsm, label: HSM Appliance, className: nr-palette-item-icon, svgPrefix: <svg id="icon" xmlns="http://www.w3.org/2000/svg" width="32"} @ http://localhost:8081/dist/bundle.js:279855
[   34032ms] [WARNING] [CD onCatalogChange] firing — rebuilding palette @ http://localhost:8081/dist/bundle.js:279497
[   34032ms] [WARNING] [buildLeaf] {id: hsm, label: HSM Appliance, className: nr-palette-item-icon, svgPrefix: <svg id="icon" xmlns="http://www.w3.org/2000/svg" width="32"} @ http://localhost:8081/dist/bundle.js:279855
[   34043ms] [INFO] [webpack-dev-server] "/Users/michaelhalder/Documents/Personal Projects/GitHub/NextRack/examples/isometric/.playwright-mcp/console-2026-05-22T07-21-43-558Z.log" from static directory was changed. Reloading... @ http://localhost:8081/dist/bundle.js:244231
[   34534ms] [INFO] [webpack-dev-server] Server started: Hot Module Replacement enabled, Live Reloading enabled, Progress disabled, Overlay enabled. @ http://localhost:8081/dist/bundle.js:244231
[   34534ms] [LOG] [HMR] Waiting for update signal from WDS... @ http://localhost:8081/dist/bundle.js:245578
[   34587ms] [WARNING] [buildLeaf] {id: hsm, label: HSM Appliance, className: nr-palette-item-icon, svgPrefix: <svg id="icon" xmlns="http://www.w3.org/2000/svg" width="32"} @ http://localhost:8081/dist/bundle.js:279855
[   34591ms] [WARNING] [buildLeaf] {id: hsm, label: HSM Appliance, className: nr-palette-item-icon, svgPrefix: <svg id="icon" xmlns="http://www.w3.org/2000/svg" width="32"} @ http://localhost:8081/dist/bundle.js:279855
[   34592ms] [WARNING] [buildLeaf] {id: hsm, label: HSM Appliance, className: nr-palette-item-icon, svgPrefix: <svg id="icon" xmlns="http://www.w3.org/2000/svg" width="32"} @ http://localhost:8081/dist/bundle.js:279855
[   34592ms] [WARNING] [CD onCatalogChange] firing — rebuilding palette @ http://localhost:8081/dist/bundle.js:279497
[   34593ms] [WARNING] [buildLeaf] {id: hsm, label: HSM Appliance, className: nr-palette-item-icon, svgPrefix: <svg id="icon" xmlns="http://www.w3.org/2000/svg" width="32"} @ http://localhost:8081/dist/bundle.js:279855
[   34618ms] [INFO] [webpack-dev-server] "/Users/michaelhalder/Documents/Personal Projects/GitHub/NextRack/examples/isometric/.playwright-mcp/console-2026-05-22T07-21-43-558Z.log" from static directory was changed. Reloading... @ http://localhost:8081/dist/bundle.js:244231
[   34619ms] [WARNING] [buildLeaf] {id: hsm, label: HSM Appliance, className: nr-palette-item-icon, svgPrefix: <svg id="icon" xmlns="http://www.w3.org/2000/svg" width="32"} @ http://localhost:8081/dist/bundle.js:279855
[   34619ms] [WARNING] [CD onCatalogChange] firing — rebuilding palette @ http://localhost:8081/dist/bundle.js:279497
[   34619ms] [WARNING] [buildLeaf] {id: hsm, label: HSM Appliance, className: nr-palette-item-icon, svgPrefix: <svg id="icon" xmlns="http://www.w3.org/2000/svg" width="32"} @ http://localhost:8081/dist/bundle.js:279855
[   35113ms] [INFO] [webpack-dev-server] Server started: Hot Module Replacement enabled, Live Reloading enabled, Progress disabled, Overlay enabled. @ http://localhost:8081/dist/bundle.js:244231
[   35113ms] [LOG] [HMR] Waiting for update signal from WDS... @ http://localhost:8081/dist/bundle.js:245578
[   35168ms] [WARNING] [buildLeaf] {id: hsm, label: HSM Appliance, className: nr-palette-item-icon, svgPrefix: <svg id="icon" xmlns="http://www.w3.org/2000/svg" width="32"} @ http://localhost:8081/dist/bundle.js:279855
[   35171ms] [WARNING] [buildLeaf] {id: hsm, label: HSM Appliance, className: nr-palette-item-icon, svgPrefix: <svg id="icon" xmlns="http://www.w3.org/2000/svg" width="32"} @ http://localhost:8081/dist/bundle.js:279855
[   35172ms] [WARNING] [buildLeaf] {id: hsm, label: HSM Appliance, className: nr-palette-item-icon, svgPrefix: <svg id="icon" xmlns="http://www.w3.org/2000/svg" width="32"} @ http://localhost:8081/dist/bundle.js:279855
[   35172ms] [WARNING] [CD onCatalogChange] firing — rebuilding palette @ http://localhost:8081/dist/bundle.js:279497
[   35173ms] [WARNING] [buildLeaf] {id: hsm, label: HSM Appliance, className: nr-palette-item-icon, svgPrefix: <svg id="icon" xmlns="http://www.w3.org/2000/svg" width="32"} @ http://localhost:8081/dist/bundle.js:279855
[   35197ms] [INFO] [webpack-dev-server] "/Users/michaelhalder/Documents/Personal Projects/GitHub/NextRack/examples/isometric/.playwright-mcp/console-2026-05-22T07-21-43-558Z.log" from static directory was changed. Reloading... @ http://localhost:8081/dist/bundle.js:244231
[   35200ms] [WARNING] [buildLeaf] {id: hsm, label: HSM Appliance, className: nr-palette-item-icon, svgPrefix: <svg id="icon" xmlns="http://www.w3.org/2000/svg" width="32"} @ http://localhost:8081/dist/bundle.js:279855
[   35200ms] [WARNING] [CD onCatalogChange] firing — rebuilding palette @ http://localhost:8081/dist/bundle.js:279497
[   35200ms] [WARNING] [buildLeaf] {id: hsm, label: HSM Appliance, className: nr-palette-item-icon, svgPrefix: <svg id="icon" xmlns="http://www.w3.org/2000/svg" width="32"} @ http://localhost:8081/dist/bundle.js:279855
[   35219ms] [INFO] [webpack-dev-server] "/Users/michaelhalder/Documents/Personal Projects/GitHub/NextRack/examples/isometric/.playwright-mcp/console-2026-05-22T07-21-43-558Z.log" from static directory was changed. Reloading... @ http://localhost:8081/dist/bundle.js:244231
[   35636ms] [INFO] [webpack-dev-server] Server started: Hot Module Replacement enabled, Live Reloading enabled, Progress disabled, Overlay enabled. @ http://localhost:8081/dist/bundle.js:244231
[   35637ms] [LOG] [HMR] Waiting for update signal from WDS... @ http://localhost:8081/dist/bundle.js:245578
[   35692ms] [WARNING] [buildLeaf] {id: hsm, label: HSM Appliance, className: nr-palette-item-icon, svgPrefix: <svg id="icon" xmlns="http://www.w3.org/2000/svg" width="32"} @ http://localhost:8081/dist/bundle.js:279855
[   35695ms] [WARNING] [buildLeaf] {id: hsm, label: HSM Appliance, className: nr-palette-item-icon, svgPrefix: <svg id="icon" xmlns="http://www.w3.org/2000/svg" width="32"} @ http://localhost:8081/dist/bundle.js:279855
[   35696ms] [WARNING] [buildLeaf] {id: hsm, label: HSM Appliance, className: nr-palette-item-icon, svgPrefix: <svg id="icon" xmlns="http://www.w3.org/2000/svg" width="32"} @ http://localhost:8081/dist/bundle.js:279855
[   35697ms] [WARNING] [CD onCatalogChange] firing — rebuilding palette @ http://localhost:8081/dist/bundle.js:279497
[   35697ms] [WARNING] [buildLeaf] {id: hsm, label: HSM Appliance, className: nr-palette-item-icon, svgPrefix: <svg id="icon" xmlns="http://www.w3.org/2000/svg" width="32"} @ http://localhost:8081/dist/bundle.js:279855
[   35720ms] [INFO] [webpack-dev-server] "/Users/michaelhalder/Documents/Personal Projects/GitHub/NextRack/examples/isometric/.playwright-mcp/console-2026-05-22T07-21-43-558Z.log" from static directory was changed. Reloading... @ http://localhost:8081/dist/bundle.js:244231
[   35723ms] [WARNING] [buildLeaf] {id: hsm, label: HSM Appliance, className: nr-palette-item-icon, svgPrefix: <svg id="icon" xmlns="http://www.w3.org/2000/svg" width="32"} @ http://localhost:8081/dist/bundle.js:279855
[   35723ms] [WARNING] [CD onCatalogChange] firing — rebuilding palette @ http://localhost:8081/dist/bundle.js:279497
[   35723ms] [WARNING] [buildLeaf] {id: hsm, label: HSM Appliance, className: nr-palette-item-icon, svgPrefix: <svg id="icon" xmlns="http://www.w3.org/2000/svg" width="32"} @ http://localhost:8081/dist/bundle.js:279855
[   36179ms] [INFO] [webpack-dev-server] Server started: Hot Module Replacement enabled, Live Reloading enabled, Progress disabled, Overlay enabled. @ http://localhost:8081/dist/bundle.js:244231
[   36179ms] [LOG] [HMR] Waiting for update signal from WDS... @ http://localhost:8081/dist/bundle.js:245578
[   36231ms] [WARNING] [buildLeaf] {id: hsm, label: HSM Appliance, className: nr-palette-item-icon, svgPrefix: <svg id="icon" xmlns="http://www.w3.org/2000/svg" width="32"} @ http://localhost:8081/dist/bundle.js:279855
[   36234ms] [WARNING] [buildLeaf] {id: hsm, label: HSM Appliance, className: nr-palette-item-icon, svgPrefix: <svg id="icon" xmlns="http://www.w3.org/2000/svg" width="32"} @ http://localhost:8081/dist/bundle.js:279855
[   36235ms] [WARNING] [buildLeaf] {id: hsm, label: HSM Appliance, className: nr-palette-item-icon, svgPrefix: <svg id="icon" xmlns="http://www.w3.org/2000/svg" width="32"} @ http://localhost:8081/dist/bundle.js:279855
[   36236ms] [WARNING] [CD onCatalogChange] firing — rebuilding palette @ http://localhost:8081/dist/bundle.js:279497
[   36236ms] [WARNING] [buildLeaf] {id: hsm, label: HSM Appliance, className: nr-palette-item-icon, svgPrefix: <svg id="icon" xmlns="http://www.w3.org/2000/svg" width="32"} @ http://localhost:8081/dist/bundle.js:279855
[   36260ms] [INFO] [webpack-dev-server] "/Users/michaelhalder/Documents/Personal Projects/GitHub/NextRack/examples/isometric/.playwright-mcp/console-2026-05-22T07-21-43-558Z.log" from static directory was changed. Reloading... @ http://localhost:8081/dist/bundle.js:244231
[   36263ms] [WARNING] [buildLeaf] {id: hsm, label: HSM Appliance, className: nr-palette-item-icon, svgPrefix: <svg id="icon" xmlns="http://www.w3.org/2000/svg" width="32"} @ http://localhost:8081/dist/bundle.js:279855
[   36263ms] [WARNING] [CD onCatalogChange] firing — rebuilding palette @ http://localhost:8081/dist/bundle.js:279497
[   36263ms] [WARNING] [buildLeaf] {id: hsm, label: HSM Appliance, className: nr-palette-item-icon, svgPrefix: <svg id="icon" xmlns="http://www.w3.org/2000/svg" width="32"} @ http://localhost:8081/dist/bundle.js:279855
[   36719ms] [INFO] [webpack-dev-server] Server started: Hot Module Replacement enabled, Live Reloading enabled, Progress disabled, Overlay enabled. @ http://localhost:8081/dist/bundle.js:244231
[   36720ms] [LOG] [HMR] Waiting for update signal from WDS... @ http://localhost:8081/dist/bundle.js:245578
[   36775ms] [WARNING] [buildLeaf] {id: hsm, label: HSM Appliance, className: nr-palette-item-icon, svgPrefix: <svg id="icon" xmlns="http://www.w3.org/2000/svg" width="32"} @ http://localhost:8081/dist/bundle.js:279855
[   36778ms] [WARNING] [buildLeaf] {id: hsm, label: HSM Appliance, className: nr-palette-item-icon, svgPrefix: <svg id="icon" xmlns="http://www.w3.org/2000/svg" width="32"} @ http://localhost:8081/dist/bundle.js:279855
[   36779ms] [WARNING] [buildLeaf] {id: hsm, label: HSM Appliance, className: nr-palette-item-icon, svgPrefix: <svg id="icon" xmlns="http://www.w3.org/2000/svg" width="32"} @ http://localhost:8081/dist/bundle.js:279855
[   36780ms] [WARNING] [CD onCatalogChange] firing — rebuilding palette @ http://localhost:8081/dist/bundle.js:279497
[   36780ms] [WARNING] [buildLeaf] {id: hsm, label: HSM Appliance, className: nr-palette-item-icon, svgPrefix: <svg id="icon" xmlns="http://www.w3.org/2000/svg" width="32"} @ http://localhost:8081/dist/bundle.js:279855
[   36806ms] [WARNING] [buildLeaf] {id: hsm, label: HSM Appliance, className: nr-palette-item-icon, svgPrefix: <svg id="icon" xmlns="http://www.w3.org/2000/svg" width="32"} @ http://localhost:8081/dist/bundle.js:279855
[   36807ms] [WARNING] [CD onCatalogChange] firing — rebuilding palette @ http://localhost:8081/dist/bundle.js:279497
[   36807ms] [WARNING] [buildLeaf] {id: hsm, label: HSM Appliance, className: nr-palette-item-icon, svgPrefix: <svg id="icon" xmlns="http://www.w3.org/2000/svg" width="32"} @ http://localhost:8081/dist/bundle.js:279855
[   36833ms] [INFO] [webpack-dev-server] "/Users/michaelhalder/Documents/Personal Projects/GitHub/NextRack/examples/isometric/.playwright-mcp/console-2026-05-22T07-21-43-558Z.log" from static directory was changed. Reloading... @ http://localhost:8081/dist/bundle.js:244231
[   37318ms] [INFO] [webpack-dev-server] Server started: Hot Module Replacement enabled, Live Reloading enabled, Progress disabled, Overlay enabled. @ http://localhost:8081/dist/bundle.js:244231
[   37319ms] [LOG] [HMR] Waiting for update signal from WDS... @ http://localhost:8081/dist/bundle.js:245578
[   37373ms] [WARNING] [buildLeaf] {id: hsm, label: HSM Appliance, className: nr-palette-item-icon, svgPrefix: <svg id="icon" xmlns="http://www.w3.org/2000/svg" width="32"} @ http://localhost:8081/dist/bundle.js:279855
[   37377ms] [WARNING] [buildLeaf] {id: hsm, label: HSM Appliance, className: nr-palette-item-icon, svgPrefix: <svg id="icon" xmlns="http://www.w3.org/2000/svg" width="32"} @ http://localhost:8081/dist/bundle.js:279855
[   37378ms] [WARNING] [buildLeaf] {id: hsm, label: HSM Appliance, className: nr-palette-item-icon, svgPrefix: <svg id="icon" xmlns="http://www.w3.org/2000/svg" width="32"} @ http://localhost:8081/dist/bundle.js:279855
[   37379ms] [WARNING] [CD onCatalogChange] firing — rebuilding palette @ http://localhost:8081/dist/bundle.js:279497
[   37379ms] [WARNING] [buildLeaf] {id: hsm, label: HSM Appliance, className: nr-palette-item-icon, svgPrefix: <svg id="icon" xmlns="http://www.w3.org/2000/svg" width="32"} @ http://localhost:8081/dist/bundle.js:279855
[   37405ms] [INFO] [webpack-dev-server] "/Users/michaelhalder/Documents/Personal Projects/GitHub/NextRack/examples/isometric/.playwright-mcp/console-2026-05-22T07-21-43-558Z.log" from static directory was changed. Reloading... @ http://localhost:8081/dist/bundle.js:244231
[   37406ms] [WARNING] [buildLeaf] {id: hsm, label: HSM Appliance, className: nr-palette-item-icon, svgPrefix: <svg id="icon" xmlns="http://www.w3.org/2000/svg" width="32"} @ http://localhost:8081/dist/bundle.js:279855
[   37406ms] [WARNING] [CD onCatalogChange] firing — rebuilding palette @ http://localhost:8081/dist/bundle.js:279497
[   37406ms] [WARNING] [buildLeaf] {id: hsm, label: HSM Appliance, className: nr-palette-item-icon, svgPrefix: <svg id="icon" xmlns="http://www.w3.org/2000/svg" width="32"} @ http://localhost:8081/dist/bundle.js:279855
[   37426ms] [INFO] [webpack-dev-server] "/Users/michaelhalder/Documents/Personal Projects/GitHub/NextRack/examples/isometric/.playwright-mcp/console-2026-05-22T07-21-43-558Z.log" from static directory was changed. Reloading... @ http://localhost:8081/dist/bundle.js:244231
[   37872ms] [INFO] [webpack-dev-server] Server started: Hot Module Replacement enabled, Live Reloading enabled, Progress disabled, Overlay enabled. @ http://localhost:8081/dist/bundle.js:244231
[   37873ms] [LOG] [HMR] Waiting for update signal from WDS... @ http://localhost:8081/dist/bundle.js:245578
[   37928ms] [WARNING] [buildLeaf] {id: hsm, label: HSM Appliance, className: nr-palette-item-icon, svgPrefix: <svg id="icon" xmlns="http://www.w3.org/2000/svg" width="32"} @ http://localhost:8081/dist/bundle.js:279855
[   37931ms] [WARNING] [buildLeaf] {id: hsm, label: HSM Appliance, className: nr-palette-item-icon, svgPrefix: <svg id="icon" xmlns="http://www.w3.org/2000/svg" width="32"} @ http://localhost:8081/dist/bundle.js:279855
[   37932ms] [WARNING] [buildLeaf] {id: hsm, label: HSM Appliance, className: nr-palette-item-icon, svgPrefix: <svg id="icon" xmlns="http://www.w3.org/2000/svg" width="32"} @ http://localhost:8081/dist/bundle.js:279855
[   37932ms] [WARNING] [CD onCatalogChange] firing — rebuilding palette @ http://localhost:8081/dist/bundle.js:279497
[   37933ms] [WARNING] [buildLeaf] {id: hsm, label: HSM Appliance, className: nr-palette-item-icon, svgPrefix: <svg id="icon" xmlns="http://www.w3.org/2000/svg" width="32"} @ http://localhost:8081/dist/bundle.js:279855
[   37958ms] [INFO] [webpack-dev-server] "/Users/michaelhalder/Documents/Personal Projects/GitHub/NextRack/examples/isometric/.playwright-mcp/console-2026-05-22T07-21-43-558Z.log" from static directory was changed. Reloading... @ http://localhost:8081/dist/bundle.js:244231
[   37959ms] [WARNING] [buildLeaf] {id: hsm, label: HSM Appliance, className: nr-palette-item-icon, svgPrefix: <svg id="icon" xmlns="http://www.w3.org/2000/svg" width="32"} @ http://localhost:8081/dist/bundle.js:279855
[   37960ms] [WARNING] [CD onCatalogChange] firing — rebuilding palette @ http://localhost:8081/dist/bundle.js:279497
[   37960ms] [WARNING] [buildLeaf] {id: hsm, label: HSM Appliance, className: nr-palette-item-icon, svgPrefix: <svg id="icon" xmlns="http://www.w3.org/2000/svg" width="32"} @ http://localhost:8081/dist/bundle.js:279855
[   37985ms] [INFO] [webpack-dev-server] "/Users/michaelhalder/Documents/Personal Projects/GitHub/NextRack/examples/isometric/.playwright-mcp/console-2026-05-22T07-21-43-558Z.log" from static directory was changed. Reloading... @ http://localhost:8081/dist/bundle.js:244231
[   38363ms] [INFO] [webpack-dev-server] Server started: Hot Module Replacement enabled, Live Reloading enabled, Progress disabled, Overlay enabled. @ http://localhost:8081/dist/bundle.js:244231
[   38364ms] [LOG] [HMR] Waiting for update signal from WDS... @ http://localhost:8081/dist/bundle.js:245578
[   38419ms] [WARNING] [buildLeaf] {id: hsm, label: HSM Appliance, className: nr-palette-item-icon, svgPrefix: <svg id="icon" xmlns="http://www.w3.org/2000/svg" width="32"} @ http://localhost:8081/dist/bundle.js:279855
[   38423ms] [WARNING] [buildLeaf] {id: hsm, label: HSM Appliance, className: nr-palette-item-icon, svgPrefix: <svg id="icon" xmlns="http://www.w3.org/2000/svg" width="32"} @ http://localhost:8081/dist/bundle.js:279855
[   38424ms] [WARNING] [buildLeaf] {id: hsm, label: HSM Appliance, className: nr-palette-item-icon, svgPrefix: <svg id="icon" xmlns="http://www.w3.org/2000/svg" width="32"} @ http://localhost:8081/dist/bundle.js:279855
[   38424ms] [WARNING] [CD onCatalogChange] firing — rebuilding palette @ http://localhost:8081/dist/bundle.js:279497
[   38425ms] [WARNING] [buildLeaf] {id: hsm, label: HSM Appliance, className: nr-palette-item-icon, svgPrefix: <svg id="icon" xmlns="http://www.w3.org/2000/svg" width="32"} @ http://localhost:8081/dist/bundle.js:279855
[   38450ms] [INFO] [webpack-dev-server] "/Users/michaelhalder/Documents/Personal Projects/GitHub/NextRack/examples/isometric/.playwright-mcp/console-2026-05-22T07-21-43-558Z.log" from static directory was changed. Reloading... @ http://localhost:8081/dist/bundle.js:244231
[   38453ms] [WARNING] [buildLeaf] {id: hsm, label: HSM Appliance, className: nr-palette-item-icon, svgPrefix: <svg id="icon" xmlns="http://www.w3.org/2000/svg" width="32"} @ http://localhost:8081/dist/bundle.js:279855
[   38453ms] [WARNING] [CD onCatalogChange] firing — rebuilding palette @ http://localhost:8081/dist/bundle.js:279497
[   38454ms] [WARNING] [buildLeaf] {id: hsm, label: HSM Appliance, className: nr-palette-item-icon, svgPrefix: <svg id="icon" xmlns="http://www.w3.org/2000/svg" width="32"} @ http://localhost:8081/dist/bundle.js:279855
[   38898ms] [INFO] [webpack-dev-server] Server started: Hot Module Replacement enabled, Live Reloading enabled, Progress disabled, Overlay enabled. @ http://localhost:8081/dist/bundle.js:244231
[   38899ms] [LOG] [HMR] Waiting for update signal from WDS... @ http://localhost:8081/dist/bundle.js:245578
[   38955ms] [WARNING] [buildLeaf] {id: hsm, label: HSM Appliance, className: nr-palette-item-icon, svgPrefix: <svg id="icon" xmlns="http://www.w3.org/2000/svg" width="32"} @ http://localhost:8081/dist/bundle.js:279855
[   38959ms] [WARNING] [buildLeaf] {id: hsm, label: HSM Appliance, className: nr-palette-item-icon, svgPrefix: <svg id="icon" xmlns="http://www.w3.org/2000/svg" width="32"} @ http://localhost:8081/dist/bundle.js:279855
[   38960ms] [WARNING] [buildLeaf] {id: hsm, label: HSM Appliance, className: nr-palette-item-icon, svgPrefix: <svg id="icon" xmlns="http://www.w3.org/2000/svg" width="32"} @ http://localhost:8081/dist/bundle.js:279855
[   38961ms] [WARNING] [CD onCatalogChange] firing — rebuilding palette @ http://localhost:8081/dist/bundle.js:279497
[   38961ms] [WARNING] [buildLeaf] {id: hsm, label: HSM Appliance, className: nr-palette-item-icon, svgPrefix: <svg id="icon" xmlns="http://www.w3.org/2000/svg" width="32"} @ http://localhost:8081/dist/bundle.js:279855
[   38985ms] [INFO] [webpack-dev-server] "/Users/michaelhalder/Documents/Personal Projects/GitHub/NextRack/examples/isometric/.playwright-mcp/console-2026-05-22T07-21-43-558Z.log" from static directory was changed. Reloading... @ http://localhost:8081/dist/bundle.js:244231
[   38986ms] [WARNING] [buildLeaf] {id: hsm, label: HSM Appliance, className: nr-palette-item-icon, svgPrefix: <svg id="icon" xmlns="http://www.w3.org/2000/svg" width="32"} @ http://localhost:8081/dist/bundle.js:279855
[   38987ms] [WARNING] [CD onCatalogChange] firing — rebuilding palette @ http://localhost:8081/dist/bundle.js:279497
[   38987ms] [WARNING] [buildLeaf] {id: hsm, label: HSM Appliance, className: nr-palette-item-icon, svgPrefix: <svg id="icon" xmlns="http://www.w3.org/2000/svg" width="32"} @ http://localhost:8081/dist/bundle.js:279855
[   39007ms] [INFO] [webpack-dev-server] "/Users/michaelhalder/Documents/Personal Projects/GitHub/NextRack/examples/isometric/.playwright-mcp/console-2026-05-22T07-21-43-558Z.log" from static directory was changed. Reloading... @ http://localhost:8081/dist/bundle.js:244231
[   39466ms] [INFO] [webpack-dev-server] Server started: Hot Module Replacement enabled, Live Reloading enabled, Progress disabled, Overlay enabled. @ http://localhost:8081/dist/bundle.js:244231
[   39467ms] [LOG] [HMR] Waiting for update signal from WDS... @ http://localhost:8081/dist/bundle.js:245578
[   39519ms] [WARNING] [buildLeaf] {id: hsm, label: HSM Appliance, className: nr-palette-item-icon, svgPrefix: <svg id="icon" xmlns="http://www.w3.org/2000/svg" width="32"} @ http://localhost:8081/dist/bundle.js:279855
[   39522ms] [WARNING] [buildLeaf] {id: hsm, label: HSM Appliance, className: nr-palette-item-icon, svgPrefix: <svg id="icon" xmlns="http://www.w3.org/2000/svg" width="32"} @ http://localhost:8081/dist/bundle.js:279855
[   39523ms] [WARNING] [buildLeaf] {id: hsm, label: HSM Appliance, className: nr-palette-item-icon, svgPrefix: <svg id="icon" xmlns="http://www.w3.org/2000/svg" width="32"} @ http://localhost:8081/dist/bundle.js:279855
[   39524ms] [WARNING] [CD onCatalogChange] firing — rebuilding palette @ http://localhost:8081/dist/bundle.js:279497
[   39524ms] [WARNING] [buildLeaf] {id: hsm, label: HSM Appliance, className: nr-palette-item-icon, svgPrefix: <svg id="icon" xmlns="http://www.w3.org/2000/svg" width="32"} @ http://localhost:8081/dist/bundle.js:279855
[   39549ms] [INFO] [webpack-dev-server] "/Users/michaelhalder/Documents/Personal Projects/GitHub/NextRack/examples/isometric/.playwright-mcp/console-2026-05-22T07-21-43-558Z.log" from static directory was changed. Reloading... @ http://localhost:8081/dist/bundle.js:244231
[   39550ms] [WARNING] [buildLeaf] {id: hsm, label: HSM Appliance, className: nr-palette-item-icon, svgPrefix: <svg id="icon" xmlns="http://www.w3.org/2000/svg" width="32"} @ http://localhost:8081/dist/bundle.js:279855
[   39550ms] [WARNING] [CD onCatalogChange] firing — rebuilding palette @ http://localhost:8081/dist/bundle.js:279497
[   39550ms] [WARNING] [buildLeaf] {id: hsm, label: HSM Appliance, className: nr-palette-item-icon, svgPrefix: <svg id="icon" xmlns="http://www.w3.org/2000/svg" width="32"} @ http://localhost:8081/dist/bundle.js:279855
[   39574ms] [INFO] [webpack-dev-server] "/Users/michaelhalder/Documents/Personal Projects/GitHub/NextRack/examples/isometric/.playwright-mcp/console-2026-05-22T07-21-43-558Z.log" from static directory was changed. Reloading... @ http://localhost:8081/dist/bundle.js:244231
[   40026ms] [INFO] [webpack-dev-server] Server started: Hot Module Replacement enabled, Live Reloading enabled, Progress disabled, Overlay enabled. @ http://localhost:8081/dist/bundle.js:244231
[   40026ms] [LOG] [HMR] Waiting for update signal from WDS... @ http://localhost:8081/dist/bundle.js:245578
[   40080ms] [WARNING] [buildLeaf] {id: hsm, label: HSM Appliance, className: nr-palette-item-icon, svgPrefix: <svg id="icon" xmlns="http://www.w3.org/2000/svg" width="32"} @ http://localhost:8081/dist/bundle.js:279855
[   40082ms] [WARNING] [buildLeaf] {id: hsm, label: HSM Appliance, className: nr-palette-item-icon, svgPrefix: <svg id="icon" xmlns="http://www.w3.org/2000/svg" width="32"} @ http://localhost:8081/dist/bundle.js:279855
[   40083ms] [WARNING] [buildLeaf] {id: hsm, label: HSM Appliance, className: nr-palette-item-icon, svgPrefix: <svg id="icon" xmlns="http://www.w3.org/2000/svg" width="32"} @ http://localhost:8081/dist/bundle.js:279855
[   40084ms] [WARNING] [CD onCatalogChange] firing — rebuilding palette @ http://localhost:8081/dist/bundle.js:279497
[   40084ms] [WARNING] [buildLeaf] {id: hsm, label: HSM Appliance, className: nr-palette-item-icon, svgPrefix: <svg id="icon" xmlns="http://www.w3.org/2000/svg" width="32"} @ http://localhost:8081/dist/bundle.js:279855
[   40104ms] [INFO] [webpack-dev-server] "/Users/michaelhalder/Documents/Personal Projects/GitHub/NextRack/examples/isometric/.playwright-mcp/console-2026-05-22T07-21-43-558Z.log" from static directory was changed. Reloading... @ http://localhost:8081/dist/bundle.js:244231
[   40104ms] [WARNING] [buildLeaf] {id: hsm, label: HSM Appliance, className: nr-palette-item-icon, svgPrefix: <svg id="icon" xmlns="http://www.w3.org/2000/svg" width="32"} @ http://localhost:8081/dist/bundle.js:279855
[   40105ms] [WARNING] [CD onCatalogChange] firing — rebuilding palette @ http://localhost:8081/dist/bundle.js:279497
[   40105ms] [WARNING] [buildLeaf] {id: hsm, label: HSM Appliance, className: nr-palette-item-icon, svgPrefix: <svg id="icon" xmlns="http://www.w3.org/2000/svg" width="32"} @ http://localhost:8081/dist/bundle.js:279855
[   40571ms] [INFO] [webpack-dev-server] Server started: Hot Module Replacement enabled, Live Reloading enabled, Progress disabled, Overlay enabled. @ http://localhost:8081/dist/bundle.js:244231
[   40571ms] [LOG] [HMR] Waiting for update signal from WDS... @ http://localhost:8081/dist/bundle.js:245578
[   40625ms] [WARNING] [buildLeaf] {id: hsm, label: HSM Appliance, className: nr-palette-item-icon, svgPrefix: <svg id="icon" xmlns="http://www.w3.org/2000/svg" width="32"} @ http://localhost:8081/dist/bundle.js:279855
[   40628ms] [WARNING] [buildLeaf] {id: hsm, label: HSM Appliance, className: nr-palette-item-icon, svgPrefix: <svg id="icon" xmlns="http://www.w3.org/2000/svg" width="32"} @ http://localhost:8081/dist/bundle.js:279855
[   40629ms] [WARNING] [buildLeaf] {id: hsm, label: HSM Appliance, className: nr-palette-item-icon, svgPrefix: <svg id="icon" xmlns="http://www.w3.org/2000/svg" width="32"} @ http://localhost:8081/dist/bundle.js:279855
[   40630ms] [WARNING] [CD onCatalogChange] firing — rebuilding palette @ http://localhost:8081/dist/bundle.js:279497
[   40630ms] [WARNING] [buildLeaf] {id: hsm, label: HSM Appliance, className: nr-palette-item-icon, svgPrefix: <svg id="icon" xmlns="http://www.w3.org/2000/svg" width="32"} @ http://localhost:8081/dist/bundle.js:279855
[   40654ms] [INFO] [webpack-dev-server] "/Users/michaelhalder/Documents/Personal Projects/GitHub/NextRack/examples/isometric/.playwright-mcp/console-2026-05-22T07-21-43-558Z.log" from static directory was changed. Reloading... @ http://localhost:8081/dist/bundle.js:244231
[   40655ms] [WARNING] [buildLeaf] {id: hsm, label: HSM Appliance, className: nr-palette-item-icon, svgPrefix: <svg id="icon" xmlns="http://www.w3.org/2000/svg" width="32"} @ http://localhost:8081/dist/bundle.js:279855
[   40656ms] [WARNING] [CD onCatalogChange] firing — rebuilding palette @ http://localhost:8081/dist/bundle.js:279497
[   40656ms] [WARNING] [buildLeaf] {id: hsm, label: HSM Appliance, className: nr-palette-item-icon, svgPrefix: <svg id="icon" xmlns="http://www.w3.org/2000/svg" width="32"} @ http://localhost:8081/dist/bundle.js:279855
[   40682ms] [INFO] [webpack-dev-server] "/Users/michaelhalder/Documents/Personal Projects/GitHub/NextRack/examples/isometric/.playwright-mcp/console-2026-05-22T07-21-43-558Z.log" from static directory was changed. Reloading... @ http://localhost:8081/dist/bundle.js:244231
[   41135ms] [INFO] [webpack-dev-server] Server started: Hot Module Replacement enabled, Live Reloading enabled, Progress disabled, Overlay enabled. @ http://localhost:8081/dist/bundle.js:244231
[   41136ms] [LOG] [HMR] Waiting for update signal from WDS... @ http://localhost:8081/dist/bundle.js:245578
[   41195ms] [WARNING] [buildLeaf] {id: hsm, label: HSM Appliance, className: nr-palette-item-icon, svgPrefix: <svg id="icon" xmlns="http://www.w3.org/2000/svg" width="32"} @ http://localhost:8081/dist/bundle.js:279855
[   41198ms] [WARNING] [buildLeaf] {id: hsm, label: HSM Appliance, className: nr-palette-item-icon, svgPrefix: <svg id="icon" xmlns="http://www.w3.org/2000/svg" width="32"} @ http://localhost:8081/dist/bundle.js:279855
[   41200ms] [WARNING] [buildLeaf] {id: hsm, label: HSM Appliance, className: nr-palette-item-icon, svgPrefix: <svg id="icon" xmlns="http://www.w3.org/2000/svg" width="32"} @ http://localhost:8081/dist/bundle.js:279855
[   41200ms] [WARNING] [CD onCatalogChange] firing — rebuilding palette @ http://localhost:8081/dist/bundle.js:279497
[   41200ms] [WARNING] [buildLeaf] {id: hsm, label: HSM Appliance, className: nr-palette-item-icon, svgPrefix: <svg id="icon" xmlns="http://www.w3.org/2000/svg" width="32"} @ http://localhost:8081/dist/bundle.js:279855
[   41225ms] [INFO] [webpack-dev-server] "/Users/michaelhalder/Documents/Personal Projects/GitHub/NextRack/examples/isometric/.playwright-mcp/console-2026-05-22T07-21-43-558Z.log" from static directory was changed. Reloading... @ http://localhost:8081/dist/bundle.js:244231
[   41226ms] [WARNING] [buildLeaf] {id: hsm, label: HSM Appliance, className: nr-palette-item-icon, svgPrefix: <svg id="icon" xmlns="http://www.w3.org/2000/svg" width="32"} @ http://localhost:8081/dist/bundle.js:279855
[   41227ms] [WARNING] [CD onCatalogChange] firing — rebuilding palette @ http://localhost:8081/dist/bundle.js:279497
[   41227ms] [WARNING] [buildLeaf] {id: hsm, label: HSM Appliance, className: nr-palette-item-icon, svgPrefix: <svg id="icon" xmlns="http://www.w3.org/2000/svg" width="32"} @ http://localhost:8081/dist/bundle.js:279855
[   41692ms] [INFO] [webpack-dev-server] Server started: Hot Module Replacement enabled, Live Reloading enabled, Progress disabled, Overlay enabled. @ http://localhost:8081/dist/bundle.js:244231
[   41692ms] [LOG] [HMR] Waiting for update signal from WDS... @ http://localhost:8081/dist/bundle.js:245578
[   41745ms] [WARNING] [buildLeaf] {id: hsm, label: HSM Appliance, className: nr-palette-item-icon, svgPrefix: <svg id="icon" xmlns="http://www.w3.org/2000/svg" width="32"} @ http://localhost:8081/dist/bundle.js:279855
[   41749ms] [WARNING] [buildLeaf] {id: hsm, label: HSM Appliance, className: nr-palette-item-icon, svgPrefix: <svg id="icon" xmlns="http://www.w3.org/2000/svg" width="32"} @ http://localhost:8081/dist/bundle.js:279855
[   41750ms] [WARNING] [buildLeaf] {id: hsm, label: HSM Appliance, className: nr-palette-item-icon, svgPrefix: <svg id="icon" xmlns="http://www.w3.org/2000/svg" width="32"} @ http://localhost:8081/dist/bundle.js:279855
[   41750ms] [WARNING] [CD onCatalogChange] firing — rebuilding palette @ http://localhost:8081/dist/bundle.js:279497
[   41751ms] [WARNING] [buildLeaf] {id: hsm, label: HSM Appliance, className: nr-palette-item-icon, svgPrefix: <svg id="icon" xmlns="http://www.w3.org/2000/svg" width="32"} @ http://localhost:8081/dist/bundle.js:279855
[   41775ms] [INFO] [webpack-dev-server] "/Users/michaelhalder/Documents/Personal Projects/GitHub/NextRack/examples/isometric/.playwright-mcp/console-2026-05-22T07-21-43-558Z.log" from static directory was changed. Reloading... @ http://localhost:8081/dist/bundle.js:244231
[   41775ms] [WARNING] [buildLeaf] {id: hsm, label: HSM Appliance, className: nr-palette-item-icon, svgPrefix: <svg id="icon" xmlns="http://www.w3.org/2000/svg" width="32"} @ http://localhost:8081/dist/bundle.js:279855
[   41776ms] [WARNING] [CD onCatalogChange] firing — rebuilding palette @ http://localhost:8081/dist/bundle.js:279497
[   41776ms] [WARNING] [buildLeaf] {id: hsm, label: HSM Appliance, className: nr-palette-item-icon, svgPrefix: <svg id="icon" xmlns="http://www.w3.org/2000/svg" width="32"} @ http://localhost:8081/dist/bundle.js:279855
[   42243ms] [INFO] [webpack-dev-server] Server started: Hot Module Replacement enabled, Live Reloading enabled, Progress disabled, Overlay enabled. @ http://localhost:8081/dist/bundle.js:244231
[   42243ms] [LOG] [HMR] Waiting for update signal from WDS... @ http://localhost:8081/dist/bundle.js:245578
[   42295ms] [WARNING] [buildLeaf] {id: hsm, label: HSM Appliance, className: nr-palette-item-icon, svgPrefix: <svg id="icon" xmlns="http://www.w3.org/2000/svg" width="32"} @ http://localhost:8081/dist/bundle.js:279855
[   42298ms] [WARNING] [buildLeaf] {id: hsm, label: HSM Appliance, className: nr-palette-item-icon, svgPrefix: <svg id="icon" xmlns="http://www.w3.org/2000/svg" width="32"} @ http://localhost:8081/dist/bundle.js:279855
[   42299ms] [WARNING] [buildLeaf] {id: hsm, label: HSM Appliance, className: nr-palette-item-icon, svgPrefix: <svg id="icon" xmlns="http://www.w3.org/2000/svg" width="32"} @ http://localhost:8081/dist/bundle.js:279855
[   42300ms] [WARNING] [CD onCatalogChange] firing — rebuilding palette @ http://localhost:8081/dist/bundle.js:279497
[   42300ms] [WARNING] [buildLeaf] {id: hsm, label: HSM Appliance, className: nr-palette-item-icon, svgPrefix: <svg id="icon" xmlns="http://www.w3.org/2000/svg" width="32"} @ http://localhost:8081/dist/bundle.js:279855
[   42326ms] [WARNING] [buildLeaf] {id: hsm, label: HSM Appliance, className: nr-palette-item-icon, svgPrefix: <svg id="icon" xmlns="http://www.w3.org/2000/svg" width="32"} @ http://localhost:8081/dist/bundle.js:279855
[   42326ms] [WARNING] [CD onCatalogChange] firing — rebuilding palette @ http://localhost:8081/dist/bundle.js:279497
[   42327ms] [WARNING] [buildLeaf] {id: hsm, label: HSM Appliance, className: nr-palette-item-icon, svgPrefix: <svg id="icon" xmlns="http://www.w3.org/2000/svg" width="32"} @ http://localhost:8081/dist/bundle.js:279855
[   42358ms] [INFO] [webpack-dev-server] "/Users/michaelhalder/Documents/Personal Projects/GitHub/NextRack/examples/isometric/.playwright-mcp/console-2026-05-22T07-21-43-558Z.log" from static directory was changed. Reloading... @ http://localhost:8081/dist/bundle.js:244231
[   42837ms] [INFO] [webpack-dev-server] Server started: Hot Module Replacement enabled, Live Reloading enabled, Progress disabled, Overlay enabled. @ http://localhost:8081/dist/bundle.js:244231
[   42837ms] [LOG] [HMR] Waiting for update signal from WDS... @ http://localhost:8081/dist/bundle.js:245578
[   42892ms] [WARNING] [buildLeaf] {id: hsm, label: HSM Appliance, className: nr-palette-item-icon, svgPrefix: <svg id="icon" xmlns="http://www.w3.org/2000/svg" width="32"} @ http://localhost:8081/dist/bundle.js:279855
[   42895ms] [WARNING] [buildLeaf] {id: hsm, label: HSM Appliance, className: nr-palette-item-icon, svgPrefix: <svg id="icon" xmlns="http://www.w3.org/2000/svg" width="32"} @ http://localhost:8081/dist/bundle.js:279855
[   42896ms] [WARNING] [buildLeaf] {id: hsm, label: HSM Appliance, className: nr-palette-item-icon, svgPrefix: <svg id="icon" xmlns="http://www.w3.org/2000/svg" width="32"} @ http://localhost:8081/dist/bundle.js:279855
[   42897ms] [WARNING] [CD onCatalogChange] firing — rebuilding palette @ http://localhost:8081/dist/bundle.js:279497
[   42897ms] [WARNING] [buildLeaf] {id: hsm, label: HSM Appliance, className: nr-palette-item-icon, svgPrefix: <svg id="icon" xmlns="http://www.w3.org/2000/svg" width="32"} @ http://localhost:8081/dist/bundle.js:279855
[   42924ms] [INFO] [webpack-dev-server] "/Users/michaelhalder/Documents/Personal Projects/GitHub/NextRack/examples/isometric/.playwright-mcp/console-2026-05-22T07-21-43-558Z.log" from static directory was changed. Reloading... @ http://localhost:8081/dist/bundle.js:244231
[   42924ms] [WARNING] [buildLeaf] {id: hsm, label: HSM Appliance, className: nr-palette-item-icon, svgPrefix: <svg id="icon" xmlns="http://www.w3.org/2000/svg" width="32"} @ http://localhost:8081/dist/bundle.js:279855
[   42925ms] [WARNING] [CD onCatalogChange] firing — rebuilding palette @ http://localhost:8081/dist/bundle.js:279497
[   42925ms] [WARNING] [buildLeaf] {id: hsm, label: HSM Appliance, className: nr-palette-item-icon, svgPrefix: <svg id="icon" xmlns="http://www.w3.org/2000/svg" width="32"} @ http://localhost:8081/dist/bundle.js:279855
[   43379ms] [INFO] [webpack-dev-server] Server started: Hot Module Replacement enabled, Live Reloading enabled, Progress disabled, Overlay enabled. @ http://localhost:8081/dist/bundle.js:244231
[   43379ms] [LOG] [HMR] Waiting for update signal from WDS... @ http://localhost:8081/dist/bundle.js:245578
[   43434ms] [WARNING] [buildLeaf] {id: hsm, label: HSM Appliance, className: nr-palette-item-icon, svgPrefix: <svg id="icon" xmlns="http://www.w3.org/2000/svg" width="32"} @ http://localhost:8081/dist/bundle.js:279855
[   43437ms] [WARNING] [buildLeaf] {id: hsm, label: HSM Appliance, className: nr-palette-item-icon, svgPrefix: <svg id="icon" xmlns="http://www.w3.org/2000/svg" width="32"} @ http://localhost:8081/dist/bundle.js:279855
[   43438ms] [WARNING] [buildLeaf] {id: hsm, label: HSM Appliance, className: nr-palette-item-icon, svgPrefix: <svg id="icon" xmlns="http://www.w3.org/2000/svg" width="32"} @ http://localhost:8081/dist/bundle.js:279855
[   43438ms] [WARNING] [CD onCatalogChange] firing — rebuilding palette @ http://localhost:8081/dist/bundle.js:279497
[   43439ms] [WARNING] [buildLeaf] {id: hsm, label: HSM Appliance, className: nr-palette-item-icon, svgPrefix: <svg id="icon" xmlns="http://www.w3.org/2000/svg" width="32"} @ http://localhost:8081/dist/bundle.js:279855
[   43462ms] [INFO] [webpack-dev-server] "/Users/michaelhalder/Documents/Personal Projects/GitHub/NextRack/examples/isometric/.playwright-mcp/console-2026-05-22T07-21-43-558Z.log" from static directory was changed. Reloading... @ http://localhost:8081/dist/bundle.js:244231
[   43465ms] [WARNING] [buildLeaf] {id: hsm, label: HSM Appliance, className: nr-palette-item-icon, svgPrefix: <svg id="icon" xmlns="http://www.w3.org/2000/svg" width="32"} @ http://localhost:8081/dist/bundle.js:279855
[   43465ms] [WARNING] [CD onCatalogChange] firing — rebuilding palette @ http://localhost:8081/dist/bundle.js:279497
[   43466ms] [WARNING] [buildLeaf] {id: hsm, label: HSM Appliance, className: nr-palette-item-icon, svgPrefix: <svg id="icon" xmlns="http://www.w3.org/2000/svg" width="32"} @ http://localhost:8081/dist/bundle.js:279855
[   43827ms] [INFO] [webpack-dev-server] Server started: Hot Module Replacement enabled, Live Reloading enabled, Progress disabled, Overlay enabled. @ http://localhost:8081/dist/bundle.js:244231
[   43827ms] [LOG] [HMR] Waiting for update signal from WDS... @ http://localhost:8081/dist/bundle.js:245578
[   43882ms] [WARNING] [buildLeaf] {id: hsm, label: HSM Appliance, className: nr-palette-item-icon, svgPrefix: <svg id="icon" xmlns="http://www.w3.org/2000/svg" width="32"} @ http://localhost:8081/dist/bundle.js:279855
[   43885ms] [WARNING] [buildLeaf] {id: hsm, label: HSM Appliance, className: nr-palette-item-icon, svgPrefix: <svg id="icon" xmlns="http://www.w3.org/2000/svg" width="32"} @ http://localhost:8081/dist/bundle.js:279855
[   43886ms] [WARNING] [buildLeaf] {id: hsm, label: HSM Appliance, className: nr-palette-item-icon, svgPrefix: <svg id="icon" xmlns="http://www.w3.org/2000/svg" width="32"} @ http://localhost:8081/dist/bundle.js:279855
[   43886ms] [WARNING] [CD onCatalogChange] firing — rebuilding palette @ http://localhost:8081/dist/bundle.js:279497
[   43886ms] [WARNING] [buildLeaf] {id: hsm, label: HSM Appliance, className: nr-palette-item-icon, svgPrefix: <svg id="icon" xmlns="http://www.w3.org/2000/svg" width="32"} @ http://localhost:8081/dist/bundle.js:279855
[   43910ms] [INFO] [webpack-dev-server] "/Users/michaelhalder/Documents/Personal Projects/GitHub/NextRack/examples/isometric/.playwright-mcp/console-2026-05-22T07-21-43-558Z.log" from static directory was changed. Reloading... @ http://localhost:8081/dist/bundle.js:244231
[   43913ms] [WARNING] [buildLeaf] {id: hsm, label: HSM Appliance, className: nr-palette-item-icon, svgPrefix: <svg id="icon" xmlns="http://www.w3.org/2000/svg" width="32"} @ http://localhost:8081/dist/bundle.js:279855
[   43914ms] [WARNING] [CD onCatalogChange] firing — rebuilding palette @ http://localhost:8081/dist/bundle.js:279497
[   43914ms] [WARNING] [buildLeaf] {id: hsm, label: HSM Appliance, className: nr-palette-item-icon, svgPrefix: <svg id="icon" xmlns="http://www.w3.org/2000/svg" width="32"} @ http://localhost:8081/dist/bundle.js:279855
[   43936ms] [INFO] [webpack-dev-server] "/Users/michaelhalder/Documents/Personal Projects/GitHub/NextRack/examples/isometric/.playwright-mcp/console-2026-05-22T07-21-43-558Z.log" from static directory was changed. Reloading... @ http://localhost:8081/dist/bundle.js:244231
[   44383ms] [INFO] [webpack-dev-server] Server started: Hot Module Replacement enabled, Live Reloading enabled, Progress disabled, Overlay enabled. @ http://localhost:8081/dist/bundle.js:244231
[   44384ms] [LOG] [HMR] Waiting for update signal from WDS... @ http://localhost:8081/dist/bundle.js:245578
[   44439ms] [WARNING] [buildLeaf] {id: hsm, label: HSM Appliance, className: nr-palette-item-icon, svgPrefix: <svg id="icon" xmlns="http://www.w3.org/2000/svg" width="32"} @ http://localhost:8081/dist/bundle.js:279855
[   44442ms] [WARNING] [buildLeaf] {id: hsm, label: HSM Appliance, className: nr-palette-item-icon, svgPrefix: <svg id="icon" xmlns="http://www.w3.org/2000/svg" width="32"} @ http://localhost:8081/dist/bundle.js:279855
[   44443ms] [WARNING] [buildLeaf] {id: hsm, label: HSM Appliance, className: nr-palette-item-icon, svgPrefix: <svg id="icon" xmlns="http://www.w3.org/2000/svg" width="32"} @ http://localhost:8081/dist/bundle.js:279855
[   44443ms] [WARNING] [CD onCatalogChange] firing — rebuilding palette @ http://localhost:8081/dist/bundle.js:279497
[   44444ms] [WARNING] [buildLeaf] {id: hsm, label: HSM Appliance, className: nr-palette-item-icon, svgPrefix: <svg id="icon" xmlns="http://www.w3.org/2000/svg" width="32"} @ http://localhost:8081/dist/bundle.js:279855
[   44469ms] [INFO] [webpack-dev-server] "/Users/michaelhalder/Documents/Personal Projects/GitHub/NextRack/examples/isometric/.playwright-mcp/console-2026-05-22T07-21-43-558Z.log" from static directory was changed. Reloading... @ http://localhost:8081/dist/bundle.js:244231
[   44470ms] [WARNING] [buildLeaf] {id: hsm, label: HSM Appliance, className: nr-palette-item-icon, svgPrefix: <svg id="icon" xmlns="http://www.w3.org/2000/svg" width="32"} @ http://localhost:8081/dist/bundle.js:279855
[   44470ms] [WARNING] [CD onCatalogChange] firing — rebuilding palette @ http://localhost:8081/dist/bundle.js:279497
[   44471ms] [WARNING] [buildLeaf] {id: hsm, label: HSM Appliance, className: nr-palette-item-icon, svgPrefix: <svg id="icon" xmlns="http://www.w3.org/2000/svg" width="32"} @ http://localhost:8081/dist/bundle.js:279855
[   44992ms] [INFO] [webpack-dev-server] Server started: Hot Module Replacement enabled, Live Reloading enabled, Progress disabled, Overlay enabled. @ http://localhost:8081/dist/bundle.js:244231
[   44993ms] [LOG] [HMR] Waiting for update signal from WDS... @ http://localhost:8081/dist/bundle.js:245578
[   45048ms] [WARNING] [buildLeaf] {id: hsm, label: HSM Appliance, className: nr-palette-item-icon, svgPrefix: <svg id="icon" xmlns="http://www.w3.org/2000/svg" width="32"} @ http://localhost:8081/dist/bundle.js:279855
[   45051ms] [WARNING] [buildLeaf] {id: hsm, label: HSM Appliance, className: nr-palette-item-icon, svgPrefix: <svg id="icon" xmlns="http://www.w3.org/2000/svg" width="32"} @ http://localhost:8081/dist/bundle.js:279855
[   45053ms] [WARNING] [buildLeaf] {id: hsm, label: HSM Appliance, className: nr-palette-item-icon, svgPrefix: <svg id="icon" xmlns="http://www.w3.org/2000/svg" width="32"} @ http://localhost:8081/dist/bundle.js:279855
[   45053ms] [WARNING] [CD onCatalogChange] firing — rebuilding palette @ http://localhost:8081/dist/bundle.js:279497
[   45053ms] [WARNING] [buildLeaf] {id: hsm, label: HSM Appliance, className: nr-palette-item-icon, svgPrefix: <svg id="icon" xmlns="http://www.w3.org/2000/svg" width="32"} @ http://localhost:8081/dist/bundle.js:279855
[   45079ms] [INFO] [webpack-dev-server] "/Users/michaelhalder/Documents/Personal Projects/GitHub/NextRack/examples/isometric/.playwright-mcp/console-2026-05-22T07-21-43-558Z.log" from static directory was changed. Reloading... @ http://localhost:8081/dist/bundle.js:244231
[   45080ms] [WARNING] [buildLeaf] {id: hsm, label: HSM Appliance, className: nr-palette-item-icon, svgPrefix: <svg id="icon" xmlns="http://www.w3.org/2000/svg" width="32"} @ http://localhost:8081/dist/bundle.js:279855
[   45081ms] [WARNING] [CD onCatalogChange] firing — rebuilding palette @ http://localhost:8081/dist/bundle.js:279497
[   45081ms] [WARNING] [buildLeaf] {id: hsm, label: HSM Appliance, className: nr-palette-item-icon, svgPrefix: <svg id="icon" xmlns="http://www.w3.org/2000/svg" width="32"} @ http://localhost:8081/dist/bundle.js:279855
[   45462ms] [INFO] [webpack-dev-server] Server started: Hot Module Replacement enabled, Live Reloading enabled, Progress disabled, Overlay enabled. @ http://localhost:8081/dist/bundle.js:244231
[   45462ms] [LOG] [HMR] Waiting for update signal from WDS... @ http://localhost:8081/dist/bundle.js:245578
[   45520ms] [WARNING] [buildLeaf] {id: hsm, label: HSM Appliance, className: nr-palette-item-icon, svgPrefix: <svg id="icon" xmlns="http://www.w3.org/2000/svg" width="32"} @ http://localhost:8081/dist/bundle.js:279855
[   45523ms] [WARNING] [buildLeaf] {id: hsm, label: HSM Appliance, className: nr-palette-item-icon, svgPrefix: <svg id="icon" xmlns="http://www.w3.org/2000/svg" width="32"} @ http://localhost:8081/dist/bundle.js:279855
[   45524ms] [WARNING] [buildLeaf] {id: hsm, label: HSM Appliance, className: nr-palette-item-icon, svgPrefix: <svg id="icon" xmlns="http://www.w3.org/2000/svg" width="32"} @ http://localhost:8081/dist/bundle.js:279855
[   45525ms] [WARNING] [CD onCatalogChange] firing — rebuilding palette @ http://localhost:8081/dist/bundle.js:279497
[   45525ms] [WARNING] [buildLeaf] {id: hsm, label: HSM Appliance, className: nr-palette-item-icon, svgPrefix: <svg id="icon" xmlns="http://www.w3.org/2000/svg" width="32"} @ http://localhost:8081/dist/bundle.js:279855
[   45550ms] [WARNING] [buildLeaf] {id: hsm, label: HSM Appliance, className: nr-palette-item-icon, svgPrefix: <svg id="icon" xmlns="http://www.w3.org/2000/svg" width="32"} @ http://localhost:8081/dist/bundle.js:279855
[   45550ms] [WARNING] [CD onCatalogChange] firing — rebuilding palette @ http://localhost:8081/dist/bundle.js:279497
[   45550ms] [WARNING] [buildLeaf] {id: hsm, label: HSM Appliance, className: nr-palette-item-icon, svgPrefix: <svg id="icon" xmlns="http://www.w3.org/2000/svg" width="32"} @ http://localhost:8081/dist/bundle.js:279855
[   45577ms] [INFO] [webpack-dev-server] "/Users/michaelhalder/Documents/Personal Projects/GitHub/NextRack/examples/isometric/.playwright-mcp/console-2026-05-22T07-21-43-558Z.log" from static directory was changed. Reloading... @ http://localhost:8081/dist/bundle.js:244231
[   46053ms] [INFO] [webpack-dev-server] Server started: Hot Module Replacement enabled, Live Reloading enabled, Progress disabled, Overlay enabled. @ http://localhost:8081/dist/bundle.js:244231
[   46054ms] [LOG] [HMR] Waiting for update signal from WDS... @ http://localhost:8081/dist/bundle.js:245578
[   46106ms] [WARNING] [buildLeaf] {id: hsm, label: HSM Appliance, className: nr-palette-item-icon, svgPrefix: <svg id="icon" xmlns="http://www.w3.org/2000/svg" width="32"} @ http://localhost:8081/dist/bundle.js:279855
[   46109ms] [WARNING] [buildLeaf] {id: hsm, label: HSM Appliance, className: nr-palette-item-icon, svgPrefix: <svg id="icon" xmlns="http://www.w3.org/2000/svg" width="32"} @ http://localhost:8081/dist/bundle.js:279855
[   46110ms] [WARNING] [buildLeaf] {id: hsm, label: HSM Appliance, className: nr-palette-item-icon, svgPrefix: <svg id="icon" xmlns="http://www.w3.org/2000/svg" width="32"} @ http://localhost:8081/dist/bundle.js:279855
[   46111ms] [WARNING] [CD onCatalogChange] firing — rebuilding palette @ http://localhost:8081/dist/bundle.js:279497
[   46111ms] [WARNING] [buildLeaf] {id: hsm, label: HSM Appliance, className: nr-palette-item-icon, svgPrefix: <svg id="icon" xmlns="http://www.w3.org/2000/svg" width="32"} @ http://localhost:8081/dist/bundle.js:279855
[   46135ms] [INFO] [webpack-dev-server] "/Users/michaelhalder/Documents/Personal Projects/GitHub/NextRack/examples/isometric/.playwright-mcp/console-2026-05-22T07-21-43-558Z.log" from static directory was changed. Reloading... @ http://localhost:8081/dist/bundle.js:244231
[   46138ms] [WARNING] [buildLeaf] {id: hsm, label: HSM Appliance, className: nr-palette-item-icon, svgPrefix: <svg id="icon" xmlns="http://www.w3.org/2000/svg" width="32"} @ http://localhost:8081/dist/bundle.js:279855
[   46139ms] [WARNING] [CD onCatalogChange] firing — rebuilding palette @ http://localhost:8081/dist/bundle.js:279497
[   46139ms] [WARNING] [buildLeaf] {id: hsm, label: HSM Appliance, className: nr-palette-item-icon, svgPrefix: <svg id="icon" xmlns="http://www.w3.org/2000/svg" width="32"} @ http://localhost:8081/dist/bundle.js:279855
[   46628ms] [INFO] [webpack-dev-server] Server started: Hot Module Replacement enabled, Live Reloading enabled, Progress disabled, Overlay enabled. @ http://localhost:8081/dist/bundle.js:244231
[   46628ms] [LOG] [HMR] Waiting for update signal from WDS... @ http://localhost:8081/dist/bundle.js:245578
[   46683ms] [WARNING] [buildLeaf] {id: hsm, label: HSM Appliance, className: nr-palette-item-icon, svgPrefix: <svg id="icon" xmlns="http://www.w3.org/2000/svg" width="32"} @ http://localhost:8081/dist/bundle.js:279855
[   46686ms] [WARNING] [buildLeaf] {id: hsm, label: HSM Appliance, className: nr-palette-item-icon, svgPrefix: <svg id="icon" xmlns="http://www.w3.org/2000/svg" width="32"} @ http://localhost:8081/dist/bundle.js:279855
[   46688ms] [WARNING] [buildLeaf] {id: hsm, label: HSM Appliance, className: nr-palette-item-icon, svgPrefix: <svg id="icon" xmlns="http://www.w3.org/2000/svg" width="32"} @ http://localhost:8081/dist/bundle.js:279855
[   46688ms] [WARNING] [CD onCatalogChange] firing — rebuilding palette @ http://localhost:8081/dist/bundle.js:279497
[   46688ms] [WARNING] [buildLeaf] {id: hsm, label: HSM Appliance, className: nr-palette-item-icon, svgPrefix: <svg id="icon" xmlns="http://www.w3.org/2000/svg" width="32"} @ http://localhost:8081/dist/bundle.js:279855
[   46714ms] [INFO] [webpack-dev-server] "/Users/michaelhalder/Documents/Personal Projects/GitHub/NextRack/examples/isometric/.playwright-mcp/console-2026-05-22T07-21-43-558Z.log" from static directory was changed. Reloading... @ http://localhost:8081/dist/bundle.js:244231
[   46714ms] [WARNING] [buildLeaf] {id: hsm, label: HSM Appliance, className: nr-palette-item-icon, svgPrefix: <svg id="icon" xmlns="http://www.w3.org/2000/svg" width="32"} @ http://localhost:8081/dist/bundle.js:279855
[   46715ms] [WARNING] [CD onCatalogChange] firing — rebuilding palette @ http://localhost:8081/dist/bundle.js:279497
[   46715ms] [WARNING] [buildLeaf] {id: hsm, label: HSM Appliance, className: nr-palette-item-icon, svgPrefix: <svg id="icon" xmlns="http://www.w3.org/2000/svg" width="32"} @ http://localhost:8081/dist/bundle.js:279855
[   47171ms] [INFO] [webpack-dev-server] Server started: Hot Module Replacement enabled, Live Reloading enabled, Progress disabled, Overlay enabled. @ http://localhost:8081/dist/bundle.js:244231
[   47171ms] [LOG] [HMR] Waiting for update signal from WDS... @ http://localhost:8081/dist/bundle.js:245578
[   47226ms] [WARNING] [buildLeaf] {id: hsm, label: HSM Appliance, className: nr-palette-item-icon, svgPrefix: <svg id="icon" xmlns="http://www.w3.org/2000/svg" width="32"} @ http://localhost:8081/dist/bundle.js:279855
[   47230ms] [WARNING] [buildLeaf] {id: hsm, label: HSM Appliance, className: nr-palette-item-icon, svgPrefix: <svg id="icon" xmlns="http://www.w3.org/2000/svg" width="32"} @ http://localhost:8081/dist/bundle.js:279855
[   47231ms] [WARNING] [buildLeaf] {id: hsm, label: HSM Appliance, className: nr-palette-item-icon, svgPrefix: <svg id="icon" xmlns="http://www.w3.org/2000/svg" width="32"} @ http://localhost:8081/dist/bundle.js:279855
[   47231ms] [WARNING] [CD onCatalogChange] firing — rebuilding palette @ http://localhost:8081/dist/bundle.js:279497
[   47231ms] [WARNING] [buildLeaf] {id: hsm, label: HSM Appliance, className: nr-palette-item-icon, svgPrefix: <svg id="icon" xmlns="http://www.w3.org/2000/svg" width="32"} @ http://localhost:8081/dist/bundle.js:279855
[   47257ms] [INFO] [webpack-dev-server] "/Users/michaelhalder/Documents/Personal Projects/GitHub/NextRack/examples/isometric/.playwright-mcp/console-2026-05-22T07-21-43-558Z.log" from static directory was changed. Reloading... @ http://localhost:8081/dist/bundle.js:244231
[   47258ms] [WARNING] [buildLeaf] {id: hsm, label: HSM Appliance, className: nr-palette-item-icon, svgPrefix: <svg id="icon" xmlns="http://www.w3.org/2000/svg" width="32"} @ http://localhost:8081/dist/bundle.js:279855
[   47258ms] [WARNING] [CD onCatalogChange] firing — rebuilding palette @ http://localhost:8081/dist/bundle.js:279497
[   47258ms] [WARNING] [buildLeaf] {id: hsm, label: HSM Appliance, className: nr-palette-item-icon, svgPrefix: <svg id="icon" xmlns="http://www.w3.org/2000/svg" width="32"} @ http://localhost:8081/dist/bundle.js:279855
[   47275ms] [INFO] [webpack-dev-server] "/Users/michaelhalder/Documents/Personal Projects/GitHub/NextRack/examples/isometric/.playwright-mcp/console-2026-05-22T07-21-43-558Z.log" from static directory was changed. Reloading... @ http://localhost:8081/dist/bundle.js:244231
[   47720ms] [INFO] [webpack-dev-server] Server started: Hot Module Replacement enabled, Live Reloading enabled, Progress disabled, Overlay enabled. @ http://localhost:8081/dist/bundle.js:244231
[   47721ms] [LOG] [HMR] Waiting for update signal from WDS... @ http://localhost:8081/dist/bundle.js:245578
[   47773ms] [WARNING] [buildLeaf] {id: hsm, label: HSM Appliance, className: nr-palette-item-icon, svgPrefix: <svg id="icon" xmlns="http://www.w3.org/2000/svg" width="32"} @ http://localhost:8081/dist/bundle.js:279855
[   47776ms] [WARNING] [buildLeaf] {id: hsm, label: HSM Appliance, className: nr-palette-item-icon, svgPrefix: <svg id="icon" xmlns="http://www.w3.org/2000/svg" width="32"} @ http://localhost:8081/dist/bundle.js:279855
[   47777ms] [WARNING] [buildLeaf] {id: hsm, label: HSM Appliance, className: nr-palette-item-icon, svgPrefix: <svg id="icon" xmlns="http://www.w3.org/2000/svg" width="32"} @ http://localhost:8081/dist/bundle.js:279855
[   47778ms] [WARNING] [CD onCatalogChange] firing — rebuilding palette @ http://localhost:8081/dist/bundle.js:279497
[   47778ms] [WARNING] [buildLeaf] {id: hsm, label: HSM Appliance, className: nr-palette-item-icon, svgPrefix: <svg id="icon" xmlns="http://www.w3.org/2000/svg" width="32"} @ http://localhost:8081/dist/bundle.js:279855
[   47799ms] [INFO] [webpack-dev-server] "/Users/michaelhalder/Documents/Personal Projects/GitHub/NextRack/examples/isometric/.playwright-mcp/console-2026-05-22T07-21-43-558Z.log" from static directory was changed. Reloading... @ http://localhost:8081/dist/bundle.js:244231
[   47799ms] [WARNING] [buildLeaf] {id: hsm, label: HSM Appliance, className: nr-palette-item-icon, svgPrefix: <svg id="icon" xmlns="http://www.w3.org/2000/svg" width="32"} @ http://localhost:8081/dist/bundle.js:279855
[   47800ms] [WARNING] [CD onCatalogChange] firing — rebuilding palette @ http://localhost:8081/dist/bundle.js:279497
[   47800ms] [WARNING] [buildLeaf] {id: hsm, label: HSM Appliance, className: nr-palette-item-icon, svgPrefix: <svg id="icon" xmlns="http://www.w3.org/2000/svg" width="32"} @ http://localhost:8081/dist/bundle.js:279855
[   48337ms] [INFO] [webpack-dev-server] Server started: Hot Module Replacement enabled, Live Reloading enabled, Progress disabled, Overlay enabled. @ http://localhost:8081/dist/bundle.js:244231
[   48337ms] [LOG] [HMR] Waiting for update signal from WDS... @ http://localhost:8081/dist/bundle.js:245578
[   48393ms] [WARNING] [buildLeaf] {id: hsm, label: HSM Appliance, className: nr-palette-item-icon, svgPrefix: <svg id="icon" xmlns="http://www.w3.org/2000/svg" width="32"} @ http://localhost:8081/dist/bundle.js:279855
[   48397ms] [WARNING] [buildLeaf] {id: hsm, label: HSM Appliance, className: nr-palette-item-icon, svgPrefix: <svg id="icon" xmlns="http://www.w3.org/2000/svg" width="32"} @ http://localhost:8081/dist/bundle.js:279855
[   48398ms] [WARNING] [buildLeaf] {id: hsm, label: HSM Appliance, className: nr-palette-item-icon, svgPrefix: <svg id="icon" xmlns="http://www.w3.org/2000/svg" width="32"} @ http://localhost:8081/dist/bundle.js:279855
[   48398ms] [WARNING] [CD onCatalogChange] firing — rebuilding palette @ http://localhost:8081/dist/bundle.js:279497
[   48398ms] [WARNING] [buildLeaf] {id: hsm, label: HSM Appliance, className: nr-palette-item-icon, svgPrefix: <svg id="icon" xmlns="http://www.w3.org/2000/svg" width="32"} @ http://localhost:8081/dist/bundle.js:279855
[   48420ms] [INFO] [webpack-dev-server] "/Users/michaelhalder/Documents/Personal Projects/GitHub/NextRack/examples/isometric/.playwright-mcp/console-2026-05-22T07-21-43-558Z.log" from static directory was changed. Reloading... @ http://localhost:8081/dist/bundle.js:244231
[   48421ms] [WARNING] [buildLeaf] {id: hsm, label: HSM Appliance, className: nr-palette-item-icon, svgPrefix: <svg id="icon" xmlns="http://www.w3.org/2000/svg" width="32"} @ http://localhost:8081/dist/bundle.js:279855
[   48422ms] [WARNING] [CD onCatalogChange] firing — rebuilding palette @ http://localhost:8081/dist/bundle.js:279497
[   48422ms] [WARNING] [buildLeaf] {id: hsm, label: HSM Appliance, className: nr-palette-item-icon, svgPrefix: <svg id="icon" xmlns="http://www.w3.org/2000/svg" width="32"} @ http://localhost:8081/dist/bundle.js:279855
[   48893ms] [INFO] [webpack-dev-server] Server started: Hot Module Replacement enabled, Live Reloading enabled, Progress disabled, Overlay enabled. @ http://localhost:8081/dist/bundle.js:244231
[   48893ms] [LOG] [HMR] Waiting for update signal from WDS... @ http://localhost:8081/dist/bundle.js:245578
[   48946ms] [WARNING] [buildLeaf] {id: hsm, label: HSM Appliance, className: nr-palette-item-icon, svgPrefix: <svg id="icon" xmlns="http://www.w3.org/2000/svg" width="32"} @ http://localhost:8081/dist/bundle.js:279855
[   48949ms] [WARNING] [buildLeaf] {id: hsm, label: HSM Appliance, className: nr-palette-item-icon, svgPrefix: <svg id="icon" xmlns="http://www.w3.org/2000/svg" width="32"} @ http://localhost:8081/dist/bundle.js:279855
[   48950ms] [WARNING] [buildLeaf] {id: hsm, label: HSM Appliance, className: nr-palette-item-icon, svgPrefix: <svg id="icon" xmlns="http://www.w3.org/2000/svg" width="32"} @ http://localhost:8081/dist/bundle.js:279855
[   48950ms] [WARNING] [CD onCatalogChange] firing — rebuilding palette @ http://localhost:8081/dist/bundle.js:279497
[   48951ms] [WARNING] [buildLeaf] {id: hsm, label: HSM Appliance, className: nr-palette-item-icon, svgPrefix: <svg id="icon" xmlns="http://www.w3.org/2000/svg" width="32"} @ http://localhost:8081/dist/bundle.js:279855
[   48975ms] [WARNING] [buildLeaf] {id: hsm, label: HSM Appliance, className: nr-palette-item-icon, svgPrefix: <svg id="icon" xmlns="http://www.w3.org/2000/svg" width="32"} @ http://localhost:8081/dist/bundle.js:279855
[   48975ms] [WARNING] [CD onCatalogChange] firing — rebuilding palette @ http://localhost:8081/dist/bundle.js:279497
[   48975ms] [WARNING] [buildLeaf] {id: hsm, label: HSM Appliance, className: nr-palette-item-icon, svgPrefix: <svg id="icon" xmlns="http://www.w3.org/2000/svg" width="32"} @ http://localhost:8081/dist/bundle.js:279855
[   48987ms] [INFO] [webpack-dev-server] "/Users/michaelhalder/Documents/Personal Projects/GitHub/NextRack/examples/isometric/.playwright-mcp/console-2026-05-22T07-21-43-558Z.log" from static directory was changed. Reloading... @ http://localhost:8081/dist/bundle.js:244231
[   49469ms] [INFO] [webpack-dev-server] Server started: Hot Module Replacement enabled, Live Reloading enabled, Progress disabled, Overlay enabled. @ http://localhost:8081/dist/bundle.js:244231
[   49469ms] [LOG] [HMR] Waiting for update signal from WDS... @ http://localhost:8081/dist/bundle.js:245578
[   49524ms] [WARNING] [buildLeaf] {id: hsm, label: HSM Appliance, className: nr-palette-item-icon, svgPrefix: <svg id="icon" xmlns="http://www.w3.org/2000/svg" width="32"} @ http://localhost:8081/dist/bundle.js:279855
[   49527ms] [WARNING] [buildLeaf] {id: hsm, label: HSM Appliance, className: nr-palette-item-icon, svgPrefix: <svg id="icon" xmlns="http://www.w3.org/2000/svg" width="32"} @ http://localhost:8081/dist/bundle.js:279855
[   49528ms] [WARNING] [buildLeaf] {id: hsm, label: HSM Appliance, className: nr-palette-item-icon, svgPrefix: <svg id="icon" xmlns="http://www.w3.org/2000/svg" width="32"} @ http://localhost:8081/dist/bundle.js:279855
[   49528ms] [WARNING] [CD onCatalogChange] firing — rebuilding palette @ http://localhost:8081/dist/bundle.js:279497
[   49529ms] [WARNING] [buildLeaf] {id: hsm, label: HSM Appliance, className: nr-palette-item-icon, svgPrefix: <svg id="icon" xmlns="http://www.w3.org/2000/svg" width="32"} @ http://localhost:8081/dist/bundle.js:279855
[   49549ms] [INFO] [webpack-dev-server] "/Users/michaelhalder/Documents/Personal Projects/GitHub/NextRack/examples/isometric/.playwright-mcp/console-2026-05-22T07-21-43-558Z.log" from static directory was changed. Reloading... @ http://localhost:8081/dist/bundle.js:244231
[   49553ms] [WARNING] [buildLeaf] {id: hsm, label: HSM Appliance, className: nr-palette-item-icon, svgPrefix: <svg id="icon" xmlns="http://www.w3.org/2000/svg" width="32"} @ http://localhost:8081/dist/bundle.js:279855
[   49554ms] [WARNING] [CD onCatalogChange] firing — rebuilding palette @ http://localhost:8081/dist/bundle.js:279497
[   49554ms] [WARNING] [buildLeaf] {id: hsm, label: HSM Appliance, className: nr-palette-item-icon, svgPrefix: <svg id="icon" xmlns="http://www.w3.org/2000/svg" width="32"} @ http://localhost:8081/dist/bundle.js:279855
[   50024ms] [INFO] [webpack-dev-server] Server started: Hot Module Replacement enabled, Live Reloading enabled, Progress disabled, Overlay enabled. @ http://localhost:8081/dist/bundle.js:244231
[   50024ms] [LOG] [HMR] Waiting for update signal from WDS... @ http://localhost:8081/dist/bundle.js:245578
[   50077ms] [WARNING] [buildLeaf] {id: hsm, label: HSM Appliance, className: nr-palette-item-icon, svgPrefix: <svg id="icon" xmlns="http://www.w3.org/2000/svg" width="32"} @ http://localhost:8081/dist/bundle.js:279855
[   50080ms] [WARNING] [buildLeaf] {id: hsm, label: HSM Appliance, className: nr-palette-item-icon, svgPrefix: <svg id="icon" xmlns="http://www.w3.org/2000/svg" width="32"} @ http://localhost:8081/dist/bundle.js:279855
[   50081ms] [WARNING] [buildLeaf] {id: hsm, label: HSM Appliance, className: nr-palette-item-icon, svgPrefix: <svg id="icon" xmlns="http://www.w3.org/2000/svg" width="32"} @ http://localhost:8081/dist/bundle.js:279855
[   50081ms] [WARNING] [CD onCatalogChange] firing — rebuilding palette @ http://localhost:8081/dist/bundle.js:279497
[   50081ms] [WARNING] [buildLeaf] {id: hsm, label: HSM Appliance, className: nr-palette-item-icon, svgPrefix: <svg id="icon" xmlns="http://www.w3.org/2000/svg" width="32"} @ http://localhost:8081/dist/bundle.js:279855
[   50107ms] [INFO] [webpack-dev-server] "/Users/michaelhalder/Documents/Personal Projects/GitHub/NextRack/examples/isometric/.playwright-mcp/console-2026-05-22T07-21-43-558Z.log" from static directory was changed. Reloading... @ http://localhost:8081/dist/bundle.js:244231
[   50108ms] [WARNING] [buildLeaf] {id: hsm, label: HSM Appliance, className: nr-palette-item-icon, svgPrefix: <svg id="icon" xmlns="http://www.w3.org/2000/svg" width="32"} @ http://localhost:8081/dist/bundle.js:279855
[   50108ms] [WARNING] [CD onCatalogChange] firing — rebuilding palette @ http://localhost:8081/dist/bundle.js:279497
[   50109ms] [WARNING] [buildLeaf] {id: hsm, label: HSM Appliance, className: nr-palette-item-icon, svgPrefix: <svg id="icon" xmlns="http://www.w3.org/2000/svg" width="32"} @ http://localhost:8081/dist/bundle.js:279855
[   50567ms] [INFO] [webpack-dev-server] Server started: Hot Module Replacement enabled, Live Reloading enabled, Progress disabled, Overlay enabled. @ http://localhost:8081/dist/bundle.js:244231
[   50567ms] [LOG] [HMR] Waiting for update signal from WDS... @ http://localhost:8081/dist/bundle.js:245578
[   50621ms] [WARNING] [buildLeaf] {id: hsm, label: HSM Appliance, className: nr-palette-item-icon, svgPrefix: <svg id="icon" xmlns="http://www.w3.org/2000/svg" width="32"} @ http://localhost:8081/dist/bundle.js:279855
[   50624ms] [WARNING] [buildLeaf] {id: hsm, label: HSM Appliance, className: nr-palette-item-icon, svgPrefix: <svg id="icon" xmlns="http://www.w3.org/2000/svg" width="32"} @ http://localhost:8081/dist/bundle.js:279855
[   50625ms] [WARNING] [buildLeaf] {id: hsm, label: HSM Appliance, className: nr-palette-item-icon, svgPrefix: <svg id="icon" xmlns="http://www.w3.org/2000/svg" width="32"} @ http://localhost:8081/dist/bundle.js:279855
[   50625ms] [WARNING] [CD onCatalogChange] firing — rebuilding palette @ http://localhost:8081/dist/bundle.js:279497
[   50626ms] [WARNING] [buildLeaf] {id: hsm, label: HSM Appliance, className: nr-palette-item-icon, svgPrefix: <svg id="icon" xmlns="http://www.w3.org/2000/svg" width="32"} @ http://localhost:8081/dist/bundle.js:279855
[   50651ms] [INFO] [webpack-dev-server] "/Users/michaelhalder/Documents/Personal Projects/GitHub/NextRack/examples/isometric/.playwright-mcp/console-2026-05-22T07-21-43-558Z.log" from static directory was changed. Reloading... @ http://localhost:8081/dist/bundle.js:244231
[   50652ms] [WARNING] [buildLeaf] {id: hsm, label: HSM Appliance, className: nr-palette-item-icon, svgPrefix: <svg id="icon" xmlns="http://www.w3.org/2000/svg" width="32"} @ http://localhost:8081/dist/bundle.js:279855
[   50652ms] [WARNING] [CD onCatalogChange] firing — rebuilding palette @ http://localhost:8081/dist/bundle.js:279497
[   50652ms] [WARNING] [buildLeaf] {id: hsm, label: HSM Appliance, className: nr-palette-item-icon, svgPrefix: <svg id="icon" xmlns="http://www.w3.org/2000/svg" width="32"} @ http://localhost:8081/dist/bundle.js:279855
[   51112ms] [INFO] [webpack-dev-server] Server started: Hot Module Replacement enabled, Live Reloading enabled, Progress disabled, Overlay enabled. @ http://localhost:8081/dist/bundle.js:244231
[   51113ms] [LOG] [HMR] Waiting for update signal from WDS... @ http://localhost:8081/dist/bundle.js:245578
[   51177ms] [WARNING] [buildLeaf] {id: hsm, label: HSM Appliance, className: nr-palette-item-icon, svgPrefix: <svg id="icon" xmlns="http://www.w3.org/2000/svg" width="32"} @ http://localhost:8081/dist/bundle.js:279855
[   51179ms] [WARNING] [buildLeaf] {id: hsm, label: HSM Appliance, className: nr-palette-item-icon, svgPrefix: <svg id="icon" xmlns="http://www.w3.org/2000/svg" width="32"} @ http://localhost:8081/dist/bundle.js:279855
[   51180ms] [WARNING] [buildLeaf] {id: hsm, label: HSM Appliance, className: nr-palette-item-icon, svgPrefix: <svg id="icon" xmlns="http://www.w3.org/2000/svg" width="32"} @ http://localhost:8081/dist/bundle.js:279855
[   51181ms] [WARNING] [CD onCatalogChange] firing — rebuilding palette @ http://localhost:8081/dist/bundle.js:279497
[   51181ms] [WARNING] [buildLeaf] {id: hsm, label: HSM Appliance, className: nr-palette-item-icon, svgPrefix: <svg id="icon" xmlns="http://www.w3.org/2000/svg" width="32"} @ http://localhost:8081/dist/bundle.js:279855
[   51204ms] [INFO] [webpack-dev-server] "/Users/michaelhalder/Documents/Personal Projects/GitHub/NextRack/examples/isometric/.playwright-mcp/console-2026-05-22T07-21-43-558Z.log" from static directory was changed. Reloading... @ http://localhost:8081/dist/bundle.js:244231
[   51212ms] [WARNING] [buildLeaf] {id: hsm, label: HSM Appliance, className: nr-palette-item-icon, svgPrefix: <svg id="icon" xmlns="http://www.w3.org/2000/svg" width="32"} @ http://localhost:8081/dist/bundle.js:279855
[   51213ms] [WARNING] [CD onCatalogChange] firing — rebuilding palette @ http://localhost:8081/dist/bundle.js:279497
[   51213ms] [WARNING] [buildLeaf] {id: hsm, label: HSM Appliance, className: nr-palette-item-icon, svgPrefix: <svg id="icon" xmlns="http://www.w3.org/2000/svg" width="32"} @ http://localhost:8081/dist/bundle.js:279855
[   51226ms] [INFO] [webpack-dev-server] "/Users/michaelhalder/Documents/Personal Projects/GitHub/NextRack/examples/isometric/.playwright-mcp/console-2026-05-22T07-21-43-558Z.log" from static directory was changed. Reloading... @ http://localhost:8081/dist/bundle.js:244231
[   51703ms] [INFO] [webpack-dev-server] Server started: Hot Module Replacement enabled, Live Reloading enabled, Progress disabled, Overlay enabled. @ http://localhost:8081/dist/bundle.js:244231
[   51704ms] [LOG] [HMR] Waiting for update signal from WDS... @ http://localhost:8081/dist/bundle.js:245578
[   51757ms] [WARNING] [buildLeaf] {id: hsm, label: HSM Appliance, className: nr-palette-item-icon, svgPrefix: <svg id="icon" xmlns="http://www.w3.org/2000/svg" width="32"} @ http://localhost:8081/dist/bundle.js:279855
[   51761ms] [WARNING] [buildLeaf] {id: hsm, label: HSM Appliance, className: nr-palette-item-icon, svgPrefix: <svg id="icon" xmlns="http://www.w3.org/2000/svg" width="32"} @ http://localhost:8081/dist/bundle.js:279855
[   51762ms] [WARNING] [buildLeaf] {id: hsm, label: HSM Appliance, className: nr-palette-item-icon, svgPrefix: <svg id="icon" xmlns="http://www.w3.org/2000/svg" width="32"} @ http://localhost:8081/dist/bundle.js:279855
[   51762ms] [WARNING] [CD onCatalogChange] firing — rebuilding palette @ http://localhost:8081/dist/bundle.js:279497
[   51762ms] [WARNING] [buildLeaf] {id: hsm, label: HSM Appliance, className: nr-palette-item-icon, svgPrefix: <svg id="icon" xmlns="http://www.w3.org/2000/svg" width="32"} @ http://localhost:8081/dist/bundle.js:279855
[   51786ms] [INFO] [webpack-dev-server] "/Users/michaelhalder/Documents/Personal Projects/GitHub/NextRack/examples/isometric/.playwright-mcp/console-2026-05-22T07-21-43-558Z.log" from static directory was changed. Reloading... @ http://localhost:8081/dist/bundle.js:244231
[   51787ms] [WARNING] [buildLeaf] {id: hsm, label: HSM Appliance, className: nr-palette-item-icon, svgPrefix: <svg id="icon" xmlns="http://www.w3.org/2000/svg" width="32"} @ http://localhost:8081/dist/bundle.js:279855
[   51788ms] [WARNING] [CD onCatalogChange] firing — rebuilding palette @ http://localhost:8081/dist/bundle.js:279497
[   51788ms] [WARNING] [buildLeaf] {id: hsm, label: HSM Appliance, className: nr-palette-item-icon, svgPrefix: <svg id="icon" xmlns="http://www.w3.org/2000/svg" width="32"} @ http://localhost:8081/dist/bundle.js:279855
[   52322ms] [INFO] [webpack-dev-server] Server started: Hot Module Replacement enabled, Live Reloading enabled, Progress disabled, Overlay enabled. @ http://localhost:8081/dist/bundle.js:244231
[   52322ms] [LOG] [HMR] Waiting for update signal from WDS... @ http://localhost:8081/dist/bundle.js:245578
[   52377ms] [WARNING] [buildLeaf] {id: hsm, label: HSM Appliance, className: nr-palette-item-icon, svgPrefix: <svg id="icon" xmlns="http://www.w3.org/2000/svg" width="32"} @ http://localhost:8081/dist/bundle.js:279855
[   52380ms] [WARNING] [buildLeaf] {id: hsm, label: HSM Appliance, className: nr-palette-item-icon, svgPrefix: <svg id="icon" xmlns="http://www.w3.org/2000/svg" width="32"} @ http://localhost:8081/dist/bundle.js:279855
[   52382ms] [WARNING] [buildLeaf] {id: hsm, label: HSM Appliance, className: nr-palette-item-icon, svgPrefix: <svg id="icon" xmlns="http://www.w3.org/2000/svg" width="32"} @ http://localhost:8081/dist/bundle.js:279855
[   52382ms] [WARNING] [CD onCatalogChange] firing — rebuilding palette @ http://localhost:8081/dist/bundle.js:279497
[   52382ms] [WARNING] [buildLeaf] {id: hsm, label: HSM Appliance, className: nr-palette-item-icon, svgPrefix: <svg id="icon" xmlns="http://www.w3.org/2000/svg" width="32"} @ http://localhost:8081/dist/bundle.js:279855
[   52405ms] [INFO] [webpack-dev-server] "/Users/michaelhalder/Documents/Personal Projects/GitHub/NextRack/examples/isometric/.playwright-mcp/console-2026-05-22T07-21-43-558Z.log" from static directory was changed. Reloading... @ http://localhost:8081/dist/bundle.js:244231
[   52410ms] [WARNING] [buildLeaf] {id: hsm, label: HSM Appliance, className: nr-palette-item-icon, svgPrefix: <svg id="icon" xmlns="http://www.w3.org/2000/svg" width="32"} @ http://localhost:8081/dist/bundle.js:279855
[   52411ms] [WARNING] [CD onCatalogChange] firing — rebuilding palette @ http://localhost:8081/dist/bundle.js:279497
[   52411ms] [WARNING] [buildLeaf] {id: hsm, label: HSM Appliance, className: nr-palette-item-icon, svgPrefix: <svg id="icon" xmlns="http://www.w3.org/2000/svg" width="32"} @ http://localhost:8081/dist/bundle.js:279855
[   52871ms] [INFO] [webpack-dev-server] Server started: Hot Module Replacement enabled, Live Reloading enabled, Progress disabled, Overlay enabled. @ http://localhost:8081/dist/bundle.js:244231
[   52872ms] [LOG] [HMR] Waiting for update signal from WDS... @ http://localhost:8081/dist/bundle.js:245578
[   52924ms] [WARNING] [buildLeaf] {id: hsm, label: HSM Appliance, className: nr-palette-item-icon, svgPrefix: <svg id="icon" xmlns="http://www.w3.org/2000/svg" width="32"} @ http://localhost:8081/dist/bundle.js:279855
[   52927ms] [WARNING] [buildLeaf] {id: hsm, label: HSM Appliance, className: nr-palette-item-icon, svgPrefix: <svg id="icon" xmlns="http://www.w3.org/2000/svg" width="32"} @ http://localhost:8081/dist/bundle.js:279855
[   52928ms] [WARNING] [buildLeaf] {id: hsm, label: HSM Appliance, className: nr-palette-item-icon, svgPrefix: <svg id="icon" xmlns="http://www.w3.org/2000/svg" width="32"} @ http://localhost:8081/dist/bundle.js:279855
[   52928ms] [WARNING] [CD onCatalogChange] firing — rebuilding palette @ http://localhost:8081/dist/bundle.js:279497
[   52928ms] [WARNING] [buildLeaf] {id: hsm, label: HSM Appliance, className: nr-palette-item-icon, svgPrefix: <svg id="icon" xmlns="http://www.w3.org/2000/svg" width="32"} @ http://localhost:8081/dist/bundle.js:279855
[   52954ms] [WARNING] [buildLeaf] {id: hsm, label: HSM Appliance, className: nr-palette-item-icon, svgPrefix: <svg id="icon" xmlns="http://www.w3.org/2000/svg" width="32"} @ http://localhost:8081/dist/bundle.js:279855
[   52955ms] [WARNING] [CD onCatalogChange] firing — rebuilding palette @ http://localhost:8081/dist/bundle.js:279497
[   52955ms] [WARNING] [buildLeaf] {id: hsm, label: HSM Appliance, className: nr-palette-item-icon, svgPrefix: <svg id="icon" xmlns="http://www.w3.org/2000/svg" width="32"} @ http://localhost:8081/dist/bundle.js:279855
[   52976ms] [INFO] [webpack-dev-server] "/Users/michaelhalder/Documents/Personal Projects/GitHub/NextRack/examples/isometric/.playwright-mcp/console-2026-05-22T07-21-43-558Z.log" from static directory was changed. Reloading... @ http://localhost:8081/dist/bundle.js:244231
[   53519ms] [INFO] [webpack-dev-server] Server started: Hot Module Replacement enabled, Live Reloading enabled, Progress disabled, Overlay enabled. @ http://localhost:8081/dist/bundle.js:244231
[   53519ms] [LOG] [HMR] Waiting for update signal from WDS... @ http://localhost:8081/dist/bundle.js:245578
[   53571ms] [WARNING] [buildLeaf] {id: hsm, label: HSM Appliance, className: nr-palette-item-icon, svgPrefix: <svg id="icon" xmlns="http://www.w3.org/2000/svg" width="32"} @ http://localhost:8081/dist/bundle.js:279855
[   53574ms] [WARNING] [buildLeaf] {id: hsm, label: HSM Appliance, className: nr-palette-item-icon, svgPrefix: <svg id="icon" xmlns="http://www.w3.org/2000/svg" width="32"} @ http://localhost:8081/dist/bundle.js:279855
[   53575ms] [WARNING] [buildLeaf] {id: hsm, label: HSM Appliance, className: nr-palette-item-icon, svgPrefix: <svg id="icon" xmlns="http://www.w3.org/2000/svg" width="32"} @ http://localhost:8081/dist/bundle.js:279855
[   53576ms] [WARNING] [CD onCatalogChange] firing — rebuilding palette @ http://localhost:8081/dist/bundle.js:279497
[   53576ms] [WARNING] [buildLeaf] {id: hsm, label: HSM Appliance, className: nr-palette-item-icon, svgPrefix: <svg id="icon" xmlns="http://www.w3.org/2000/svg" width="32"} @ http://localhost:8081/dist/bundle.js:279855
[   53602ms] [INFO] [webpack-dev-server] "/Users/michaelhalder/Documents/Personal Projects/GitHub/NextRack/examples/isometric/.playwright-mcp/console-2026-05-22T07-21-43-558Z.log" from static directory was changed. Reloading... @ http://localhost:8081/dist/bundle.js:244231
[   53603ms] [WARNING] [buildLeaf] {id: hsm, label: HSM Appliance, className: nr-palette-item-icon, svgPrefix: <svg id="icon" xmlns="http://www.w3.org/2000/svg" width="32"} @ http://localhost:8081/dist/bundle.js:279855
[   53604ms] [WARNING] [CD onCatalogChange] firing — rebuilding palette @ http://localhost:8081/dist/bundle.js:279497
[   53604ms] [WARNING] [buildLeaf] {id: hsm, label: HSM Appliance, className: nr-palette-item-icon, svgPrefix: <svg id="icon" xmlns="http://www.w3.org/2000/svg" width="32"} @ http://localhost:8081/dist/bundle.js:279855
[   54163ms] [INFO] [webpack-dev-server] Server started: Hot Module Replacement enabled, Live Reloading enabled, Progress disabled, Overlay enabled. @ http://localhost:8081/dist/bundle.js:244231
[   54163ms] [LOG] [HMR] Waiting for update signal from WDS... @ http://localhost:8081/dist/bundle.js:245578
[   54219ms] [WARNING] [buildLeaf] {id: hsm, label: HSM Appliance, className: nr-palette-item-icon, svgPrefix: <svg id="icon" xmlns="http://www.w3.org/2000/svg" width="32"} @ http://localhost:8081/dist/bundle.js:279855
[   54222ms] [WARNING] [buildLeaf] {id: hsm, label: HSM Appliance, className: nr-palette-item-icon, svgPrefix: <svg id="icon" xmlns="http://www.w3.org/2000/svg" width="32"} @ http://localhost:8081/dist/bundle.js:279855
[   54224ms] [WARNING] [buildLeaf] {id: hsm, label: HSM Appliance, className: nr-palette-item-icon, svgPrefix: <svg id="icon" xmlns="http://www.w3.org/2000/svg" width="32"} @ http://localhost:8081/dist/bundle.js:279855
[   54224ms] [WARNING] [CD onCatalogChange] firing — rebuilding palette @ http://localhost:8081/dist/bundle.js:279497
[   54224ms] [WARNING] [buildLeaf] {id: hsm, label: HSM Appliance, className: nr-palette-item-icon, svgPrefix: <svg id="icon" xmlns="http://www.w3.org/2000/svg" width="32"} @ http://localhost:8081/dist/bundle.js:279855
[   54245ms] [INFO] [webpack-dev-server] "/Users/michaelhalder/Documents/Personal Projects/GitHub/NextRack/examples/isometric/.playwright-mcp/console-2026-05-22T07-21-43-558Z.log" from static directory was changed. Reloading... @ http://localhost:8081/dist/bundle.js:244231
[   54251ms] [WARNING] [buildLeaf] {id: hsm, label: HSM Appliance, className: nr-palette-item-icon, svgPrefix: <svg id="icon" xmlns="http://www.w3.org/2000/svg" width="32"} @ http://localhost:8081/dist/bundle.js:279855
[   54252ms] [WARNING] [CD onCatalogChange] firing — rebuilding palette @ http://localhost:8081/dist/bundle.js:279497
[   54252ms] [WARNING] [buildLeaf] {id: hsm, label: HSM Appliance, className: nr-palette-item-icon, svgPrefix: <svg id="icon" xmlns="http://www.w3.org/2000/svg" width="32"} @ http://localhost:8081/dist/bundle.js:279855
[   54705ms] [INFO] [webpack-dev-server] Server started: Hot Module Replacement enabled, Live Reloading enabled, Progress disabled, Overlay enabled. @ http://localhost:8081/dist/bundle.js:244231
[   54706ms] [LOG] [HMR] Waiting for update signal from WDS... @ http://localhost:8081/dist/bundle.js:245578
[   54760ms] [WARNING] [buildLeaf] {id: hsm, label: HSM Appliance, className: nr-palette-item-icon, svgPrefix: <svg id="icon" xmlns="http://www.w3.org/2000/svg" width="32"} @ http://localhost:8081/dist/bundle.js:279855
[   54762ms] [WARNING] [buildLeaf] {id: hsm, label: HSM Appliance, className: nr-palette-item-icon, svgPrefix: <svg id="icon" xmlns="http://www.w3.org/2000/svg" width="32"} @ http://localhost:8081/dist/bundle.js:279855
[   54763ms] [WARNING] [buildLeaf] {id: hsm, label: HSM Appliance, className: nr-palette-item-icon, svgPrefix: <svg id="icon" xmlns="http://www.w3.org/2000/svg" width="32"} @ http://localhost:8081/dist/bundle.js:279855
[   54764ms] [WARNING] [CD onCatalogChange] firing — rebuilding palette @ http://localhost:8081/dist/bundle.js:279497
[   54764ms] [WARNING] [buildLeaf] {id: hsm, label: HSM Appliance, className: nr-palette-item-icon, svgPrefix: <svg id="icon" xmlns="http://www.w3.org/2000/svg" width="32"} @ http://localhost:8081/dist/bundle.js:279855
[   54791ms] [INFO] [webpack-dev-server] "/Users/michaelhalder/Documents/Personal Projects/GitHub/NextRack/examples/isometric/.playwright-mcp/console-2026-05-22T07-21-43-558Z.log" from static directory was changed. Reloading... @ http://localhost:8081/dist/bundle.js:244231
[   54792ms] [WARNING] [buildLeaf] {id: hsm, label: HSM Appliance, className: nr-palette-item-icon, svgPrefix: <svg id="icon" xmlns="http://www.w3.org/2000/svg" width="32"} @ http://localhost:8081/dist/bundle.js:279855
[   54792ms] [WARNING] [CD onCatalogChange] firing — rebuilding palette @ http://localhost:8081/dist/bundle.js:279497
[   54792ms] [WARNING] [buildLeaf] {id: hsm, label: HSM Appliance, className: nr-palette-item-icon, svgPrefix: <svg id="icon" xmlns="http://www.w3.org/2000/svg" width="32"} @ http://localhost:8081/dist/bundle.js:279855
[   54814ms] [INFO] [webpack-dev-server] "/Users/michaelhalder/Documents/Personal Projects/GitHub/NextRack/examples/isometric/.playwright-mcp/console-2026-05-22T07-21-43-558Z.log" from static directory was changed. Reloading... @ http://localhost:8081/dist/bundle.js:244231
[   55314ms] [INFO] [webpack-dev-server] Server started: Hot Module Replacement enabled, Live Reloading enabled, Progress disabled, Overlay enabled. @ http://localhost:8081/dist/bundle.js:244231
[   55314ms] [LOG] [HMR] Waiting for update signal from WDS... @ http://localhost:8081/dist/bundle.js:245578
[   55366ms] [WARNING] [buildLeaf] {id: hsm, label: HSM Appliance, className: nr-palette-item-icon, svgPrefix: <svg id="icon" xmlns="http://www.w3.org/2000/svg" width="32"} @ http://localhost:8081/dist/bundle.js:279855
[   55369ms] [WARNING] [buildLeaf] {id: hsm, label: HSM Appliance, className: nr-palette-item-icon, svgPrefix: <svg id="icon" xmlns="http://www.w3.org/2000/svg" width="32"} @ http://localhost:8081/dist/bundle.js:279855
[   55370ms] [WARNING] [buildLeaf] {id: hsm, label: HSM Appliance, className: nr-palette-item-icon, svgPrefix: <svg id="icon" xmlns="http://www.w3.org/2000/svg" width="32"} @ http://localhost:8081/dist/bundle.js:279855
[   55370ms] [WARNING] [CD onCatalogChange] firing — rebuilding palette @ http://localhost:8081/dist/bundle.js:279497
[   55371ms] [WARNING] [buildLeaf] {id: hsm, label: HSM Appliance, className: nr-palette-item-icon, svgPrefix: <svg id="icon" xmlns="http://www.w3.org/2000/svg" width="32"} @ http://localhost:8081/dist/bundle.js:279855
[   55397ms] [WARNING] [buildLeaf] {id: hsm, label: HSM Appliance, className: nr-palette-item-icon, svgPrefix: <svg id="icon" xmlns="http://www.w3.org/2000/svg" width="32"} @ http://localhost:8081/dist/bundle.js:279855
[   55397ms] [WARNING] [CD onCatalogChange] firing — rebuilding palette @ http://localhost:8081/dist/bundle.js:279497
[   55398ms] [WARNING] [buildLeaf] {id: hsm, label: HSM Appliance, className: nr-palette-item-icon, svgPrefix: <svg id="icon" xmlns="http://www.w3.org/2000/svg" width="32"} @ http://localhost:8081/dist/bundle.js:279855
[   55424ms] [INFO] [webpack-dev-server] "/Users/michaelhalder/Documents/Personal Projects/GitHub/NextRack/examples/isometric/.playwright-mcp/console-2026-05-22T07-21-43-558Z.log" from static directory was changed. Reloading... @ http://localhost:8081/dist/bundle.js:244231
[   55943ms] [INFO] [webpack-dev-server] Server started: Hot Module Replacement enabled, Live Reloading enabled, Progress disabled, Overlay enabled. @ http://localhost:8081/dist/bundle.js:244231
[   55944ms] [LOG] [HMR] Waiting for update signal from WDS... @ http://localhost:8081/dist/bundle.js:245578
[   55997ms] [WARNING] [buildLeaf] {id: hsm, label: HSM Appliance, className: nr-palette-item-icon, svgPrefix: <svg id="icon" xmlns="http://www.w3.org/2000/svg" width="32"} @ http://localhost:8081/dist/bundle.js:279855
[   56000ms] [WARNING] [buildLeaf] {id: hsm, label: HSM Appliance, className: nr-palette-item-icon, svgPrefix: <svg id="icon" xmlns="http://www.w3.org/2000/svg" width="32"} @ http://localhost:8081/dist/bundle.js:279855
[   56001ms] [WARNING] [buildLeaf] {id: hsm, label: HSM Appliance, className: nr-palette-item-icon, svgPrefix: <svg id="icon" xmlns="http://www.w3.org/2000/svg" width="32"} @ http://localhost:8081/dist/bundle.js:279855
[   56001ms] [WARNING] [CD onCatalogChange] firing — rebuilding palette @ http://localhost:8081/dist/bundle.js:279497
[   56002ms] [WARNING] [buildLeaf] {id: hsm, label: HSM Appliance, className: nr-palette-item-icon, svgPrefix: <svg id="icon" xmlns="http://www.w3.org/2000/svg" width="32"} @ http://localhost:8081/dist/bundle.js:279855
[   56030ms] [WARNING] [buildLeaf] {id: hsm, label: HSM Appliance, className: nr-palette-item-icon, svgPrefix: <svg id="icon" xmlns="http://www.w3.org/2000/svg" width="32"} @ http://localhost:8081/dist/bundle.js:279855
[   56030ms] [WARNING] [CD onCatalogChange] firing — rebuilding palette @ http://localhost:8081/dist/bundle.js:279497
[   56030ms] [WARNING] [buildLeaf] {id: hsm, label: HSM Appliance, className: nr-palette-item-icon, svgPrefix: <svg id="icon" xmlns="http://www.w3.org/2000/svg" width="32"} @ http://localhost:8081/dist/bundle.js:279855
[   56057ms] [INFO] [webpack-dev-server] "/Users/michaelhalder/Documents/Personal Projects/GitHub/NextRack/examples/isometric/.playwright-mcp/console-2026-05-22T07-21-43-558Z.log" from static directory was changed. Reloading... @ http://localhost:8081/dist/bundle.js:244231
[   56569ms] [INFO] [webpack-dev-server] Server started: Hot Module Replacement enabled, Live Reloading enabled, Progress disabled, Overlay enabled. @ http://localhost:8081/dist/bundle.js:244231
[   56569ms] [LOG] [HMR] Waiting for update signal from WDS... @ http://localhost:8081/dist/bundle.js:245578
[   56624ms] [WARNING] [buildLeaf] {id: hsm, label: HSM Appliance, className: nr-palette-item-icon, svgPrefix: <svg id="icon" xmlns="http://www.w3.org/2000/svg" width="32"} @ http://localhost:8081/dist/bundle.js:279855
[   56628ms] [WARNING] [buildLeaf] {id: hsm, label: HSM Appliance, className: nr-palette-item-icon, svgPrefix: <svg id="icon" xmlns="http://www.w3.org/2000/svg" width="32"} @ http://localhost:8081/dist/bundle.js:279855
[   56629ms] [WARNING] [buildLeaf] {id: hsm, label: HSM Appliance, className: nr-palette-item-icon, svgPrefix: <svg id="icon" xmlns="http://www.w3.org/2000/svg" width="32"} @ http://localhost:8081/dist/bundle.js:279855
[   56629ms] [WARNING] [CD onCatalogChange] firing — rebuilding palette @ http://localhost:8081/dist/bundle.js:279497
[   56630ms] [WARNING] [buildLeaf] {id: hsm, label: HSM Appliance, className: nr-palette-item-icon, svgPrefix: <svg id="icon" xmlns="http://www.w3.org/2000/svg" width="32"} @ http://localhost:8081/dist/bundle.js:279855
[   56656ms] [WARNING] [buildLeaf] {id: hsm, label: HSM Appliance, className: nr-palette-item-icon, svgPrefix: <svg id="icon" xmlns="http://www.w3.org/2000/svg" width="32"} @ http://localhost:8081/dist/bundle.js:279855
[   56656ms] [WARNING] [CD onCatalogChange] firing — rebuilding palette @ http://localhost:8081/dist/bundle.js:279497
[   56656ms] [WARNING] [buildLeaf] {id: hsm, label: HSM Appliance, className: nr-palette-item-icon, svgPrefix: <svg id="icon" xmlns="http://www.w3.org/2000/svg" width="32"} @ http://localhost:8081/dist/bundle.js:279855
[   56662ms] [INFO] [webpack-dev-server] "/Users/michaelhalder/Documents/Personal Projects/GitHub/NextRack/examples/isometric/.playwright-mcp/console-2026-05-22T07-21-43-558Z.log" from static directory was changed. Reloading... @ http://localhost:8081/dist/bundle.js:244231
[   57085ms] [INFO] [webpack-dev-server] Server started: Hot Module Replacement enabled, Live Reloading enabled, Progress disabled, Overlay enabled. @ http://localhost:8081/dist/bundle.js:244231
[   57085ms] [LOG] [HMR] Waiting for update signal from WDS... @ http://localhost:8081/dist/bundle.js:245578
[   57141ms] [WARNING] [buildLeaf] {id: hsm, label: HSM Appliance, className: nr-palette-item-icon, svgPrefix: <svg id="icon" xmlns="http://www.w3.org/2000/svg" width="32"} @ http://localhost:8081/dist/bundle.js:279855
[   57144ms] [WARNING] [buildLeaf] {id: hsm, label: HSM Appliance, className: nr-palette-item-icon, svgPrefix: <svg id="icon" xmlns="http://www.w3.org/2000/svg" width="32"} @ http://localhost:8081/dist/bundle.js:279855
[   57145ms] [WARNING] [buildLeaf] {id: hsm, label: HSM Appliance, className: nr-palette-item-icon, svgPrefix: <svg id="icon" xmlns="http://www.w3.org/2000/svg" width="32"} @ http://localhost:8081/dist/bundle.js:279855
[   57145ms] [WARNING] [CD onCatalogChange] firing — rebuilding palette @ http://localhost:8081/dist/bundle.js:279497
[   57145ms] [WARNING] [buildLeaf] {id: hsm, label: HSM Appliance, className: nr-palette-item-icon, svgPrefix: <svg id="icon" xmlns="http://www.w3.org/2000/svg" width="32"} @ http://localhost:8081/dist/bundle.js:279855
[   57166ms] [INFO] [webpack-dev-server] "/Users/michaelhalder/Documents/Personal Projects/GitHub/NextRack/examples/isometric/.playwright-mcp/console-2026-05-22T07-21-43-558Z.log" from static directory was changed. Reloading... @ http://localhost:8081/dist/bundle.js:244231
[   57166ms] [WARNING] [buildLeaf] {id: hsm, label: HSM Appliance, className: nr-palette-item-icon, svgPrefix: <svg id="icon" xmlns="http://www.w3.org/2000/svg" width="32"} @ http://localhost:8081/dist/bundle.js:279855
[   57167ms] [WARNING] [CD onCatalogChange] firing — rebuilding palette @ http://localhost:8081/dist/bundle.js:279497
[   57167ms] [WARNING] [buildLeaf] {id: hsm, label: HSM Appliance, className: nr-palette-item-icon, svgPrefix: <svg id="icon" xmlns="http://www.w3.org/2000/svg" width="32"} @ http://localhost:8081/dist/bundle.js:279855
[   57194ms] [INFO] [webpack-dev-server] "/Users/michaelhalder/Documents/Personal Projects/GitHub/NextRack/examples/isometric/.playwright-mcp/console-2026-05-22T07-21-43-558Z.log" from static directory was changed. Reloading... @ http://localhost:8081/dist/bundle.js:244231
[   57688ms] [INFO] [webpack-dev-server] Server started: Hot Module Replacement enabled, Live Reloading enabled, Progress disabled, Overlay enabled. @ http://localhost:8081/dist/bundle.js:244231
[   57689ms] [LOG] [HMR] Waiting for update signal from WDS... @ http://localhost:8081/dist/bundle.js:245578
[   57744ms] [WARNING] [buildLeaf] {id: hsm, label: HSM Appliance, className: nr-palette-item-icon, svgPrefix: <svg id="icon" xmlns="http://www.w3.org/2000/svg" width="32"} @ http://localhost:8081/dist/bundle.js:279855
[   57746ms] [WARNING] [buildLeaf] {id: hsm, label: HSM Appliance, className: nr-palette-item-icon, svgPrefix: <svg id="icon" xmlns="http://www.w3.org/2000/svg" width="32"} @ http://localhost:8081/dist/bundle.js:279855
[   57748ms] [WARNING] [buildLeaf] {id: hsm, label: HSM Appliance, className: nr-palette-item-icon, svgPrefix: <svg id="icon" xmlns="http://www.w3.org/2000/svg" width="32"} @ http://localhost:8081/dist/bundle.js:279855
[   57748ms] [WARNING] [CD onCatalogChange] firing — rebuilding palette @ http://localhost:8081/dist/bundle.js:279497
[   57748ms] [WARNING] [buildLeaf] {id: hsm, label: HSM Appliance, className: nr-palette-item-icon, svgPrefix: <svg id="icon" xmlns="http://www.w3.org/2000/svg" width="32"} @ http://localhost:8081/dist/bundle.js:279855
[   57769ms] [WARNING] [buildLeaf] {id: hsm, label: HSM Appliance, className: nr-palette-item-icon, svgPrefix: <svg id="icon" xmlns="http://www.w3.org/2000/svg" width="32"} @ http://localhost:8081/dist/bundle.js:279855
[   57770ms] [WARNING] [CD onCatalogChange] firing — rebuilding palette @ http://localhost:8081/dist/bundle.js:279497
[   57770ms] [WARNING] [buildLeaf] {id: hsm, label: HSM Appliance, className: nr-palette-item-icon, svgPrefix: <svg id="icon" xmlns="http://www.w3.org/2000/svg" width="32"} @ http://localhost:8081/dist/bundle.js:279855
[   57797ms] [INFO] [webpack-dev-server] "/Users/michaelhalder/Documents/Personal Projects/GitHub/NextRack/examples/isometric/.playwright-mcp/console-2026-05-22T07-21-43-558Z.log" from static directory was changed. Reloading... @ http://localhost:8081/dist/bundle.js:244231
[   58280ms] [INFO] [webpack-dev-server] Server started: Hot Module Replacement enabled, Live Reloading enabled, Progress disabled, Overlay enabled. @ http://localhost:8081/dist/bundle.js:244231
[   58280ms] [LOG] [HMR] Waiting for update signal from WDS... @ http://localhost:8081/dist/bundle.js:245578
[   58332ms] [WARNING] [buildLeaf] {id: hsm, label: HSM Appliance, className: nr-palette-item-icon, svgPrefix: <svg id="icon" xmlns="http://www.w3.org/2000/svg" width="32"} @ http://localhost:8081/dist/bundle.js:279855
[   58335ms] [WARNING] [buildLeaf] {id: hsm, label: HSM Appliance, className: nr-palette-item-icon, svgPrefix: <svg id="icon" xmlns="http://www.w3.org/2000/svg" width="32"} @ http://localhost:8081/dist/bundle.js:279855
[   58336ms] [WARNING] [buildLeaf] {id: hsm, label: HSM Appliance, className: nr-palette-item-icon, svgPrefix: <svg id="icon" xmlns="http://www.w3.org/2000/svg" width="32"} @ http://localhost:8081/dist/bundle.js:279855
[   58336ms] [WARNING] [CD onCatalogChange] firing — rebuilding palette @ http://localhost:8081/dist/bundle.js:279497
[   58336ms] [WARNING] [buildLeaf] {id: hsm, label: HSM Appliance, className: nr-palette-item-icon, svgPrefix: <svg id="icon" xmlns="http://www.w3.org/2000/svg" width="32"} @ http://localhost:8081/dist/bundle.js:279855
[   58359ms] [INFO] [webpack-dev-server] "/Users/michaelhalder/Documents/Personal Projects/GitHub/NextRack/examples/isometric/.playwright-mcp/console-2026-05-22T07-21-43-558Z.log" from static directory was changed. Reloading... @ http://localhost:8081/dist/bundle.js:244231
[   58362ms] [WARNING] [buildLeaf] {id: hsm, label: HSM Appliance, className: nr-palette-item-icon, svgPrefix: <svg id="icon" xmlns="http://www.w3.org/2000/svg" width="32"} @ http://localhost:8081/dist/bundle.js:279855
[   58363ms] [WARNING] [CD onCatalogChange] firing — rebuilding palette @ http://localhost:8081/dist/bundle.js:279497
[   58363ms] [WARNING] [buildLeaf] {id: hsm, label: HSM Appliance, className: nr-palette-item-icon, svgPrefix: <svg id="icon" xmlns="http://www.w3.org/2000/svg" width="32"} @ http://localhost:8081/dist/bundle.js:279855
[   58827ms] [INFO] [webpack-dev-server] Server started: Hot Module Replacement enabled, Live Reloading enabled, Progress disabled, Overlay enabled. @ http://localhost:8081/dist/bundle.js:244231
[   58828ms] [LOG] [HMR] Waiting for update signal from WDS... @ http://localhost:8081/dist/bundle.js:245578
[   58883ms] [WARNING] [buildLeaf] {id: hsm, label: HSM Appliance, className: nr-palette-item-icon, svgPrefix: <svg id="icon" xmlns="http://www.w3.org/2000/svg" width="32"} @ http://localhost:8081/dist/bundle.js:279855
[   58886ms] [WARNING] [buildLeaf] {id: hsm, label: HSM Appliance, className: nr-palette-item-icon, svgPrefix: <svg id="icon" xmlns="http://www.w3.org/2000/svg" width="32"} @ http://localhost:8081/dist/bundle.js:279855
[   58887ms] [WARNING] [buildLeaf] {id: hsm, label: HSM Appliance, className: nr-palette-item-icon, svgPrefix: <svg id="icon" xmlns="http://www.w3.org/2000/svg" width="32"} @ http://localhost:8081/dist/bundle.js:279855
[   58887ms] [WARNING] [CD onCatalogChange] firing — rebuilding palette @ http://localhost:8081/dist/bundle.js:279497
[   58888ms] [WARNING] [buildLeaf] {id: hsm, label: HSM Appliance, className: nr-palette-item-icon, svgPrefix: <svg id="icon" xmlns="http://www.w3.org/2000/svg" width="32"} @ http://localhost:8081/dist/bundle.js:279855
[   58914ms] [INFO] [webpack-dev-server] "/Users/michaelhalder/Documents/Personal Projects/GitHub/NextRack/examples/isometric/.playwright-mcp/console-2026-05-22T07-21-43-558Z.log" from static directory was changed. Reloading... @ http://localhost:8081/dist/bundle.js:244231
[   58917ms] [WARNING] [buildLeaf] {id: hsm, label: HSM Appliance, className: nr-palette-item-icon, svgPrefix: <svg id="icon" xmlns="http://www.w3.org/2000/svg" width="32"} @ http://localhost:8081/dist/bundle.js:279855
[   58917ms] [WARNING] [CD onCatalogChange] firing — rebuilding palette @ http://localhost:8081/dist/bundle.js:279497
[   58917ms] [WARNING] [buildLeaf] {id: hsm, label: HSM Appliance, className: nr-palette-item-icon, svgPrefix: <svg id="icon" xmlns="http://www.w3.org/2000/svg" width="32"} @ http://localhost:8081/dist/bundle.js:279855
[   58942ms] [INFO] [webpack-dev-server] "/Users/michaelhalder/Documents/Personal Projects/GitHub/NextRack/examples/isometric/.playwright-mcp/console-2026-05-22T07-21-43-558Z.log" from static directory was changed. Reloading... @ http://localhost:8081/dist/bundle.js:244231
[   59399ms] [INFO] [webpack-dev-server] Server started: Hot Module Replacement enabled, Live Reloading enabled, Progress disabled, Overlay enabled. @ http://localhost:8081/dist/bundle.js:244231
[   59399ms] [LOG] [HMR] Waiting for update signal from WDS... @ http://localhost:8081/dist/bundle.js:245578
[   59453ms] [WARNING] [buildLeaf] {id: hsm, label: HSM Appliance, className: nr-palette-item-icon, svgPrefix: <svg id="icon" xmlns="http://www.w3.org/2000/svg" width="32"} @ http://localhost:8081/dist/bundle.js:279855
[   59457ms] [WARNING] [buildLeaf] {id: hsm, label: HSM Appliance, className: nr-palette-item-icon, svgPrefix: <svg id="icon" xmlns="http://www.w3.org/2000/svg" width="32"} @ http://localhost:8081/dist/bundle.js:279855
[   59458ms] [WARNING] [buildLeaf] {id: hsm, label: HSM Appliance, className: nr-palette-item-icon, svgPrefix: <svg id="icon" xmlns="http://www.w3.org/2000/svg" width="32"} @ http://localhost:8081/dist/bundle.js:279855
[   59458ms] [WARNING] [CD onCatalogChange] firing — rebuilding palette @ http://localhost:8081/dist/bundle.js:279497
[   59458ms] [WARNING] [buildLeaf] {id: hsm, label: HSM Appliance, className: nr-palette-item-icon, svgPrefix: <svg id="icon" xmlns="http://www.w3.org/2000/svg" width="32"} @ http://localhost:8081/dist/bundle.js:279855
[   59479ms] [INFO] [webpack-dev-server] "/Users/michaelhalder/Documents/Personal Projects/GitHub/NextRack/examples/isometric/.playwright-mcp/console-2026-05-22T07-21-43-558Z.log" from static directory was changed. Reloading... @ http://localhost:8081/dist/bundle.js:244231
[   59485ms] [WARNING] [buildLeaf] {id: hsm, label: HSM Appliance, className: nr-palette-item-icon, svgPrefix: <svg id="icon" xmlns="http://www.w3.org/2000/svg" width="32"} @ http://localhost:8081/dist/bundle.js:279855
[   59485ms] [WARNING] [CD onCatalogChange] firing — rebuilding palette @ http://localhost:8081/dist/bundle.js:279497
[   59485ms] [WARNING] [buildLeaf] {id: hsm, label: HSM Appliance, className: nr-palette-item-icon, svgPrefix: <svg id="icon" xmlns="http://www.w3.org/2000/svg" width="32"} @ http://localhost:8081/dist/bundle.js:279855
[   59935ms] [INFO] [webpack-dev-server] Server started: Hot Module Replacement enabled, Live Reloading enabled, Progress disabled, Overlay enabled. @ http://localhost:8081/dist/bundle.js:244231
[   59936ms] [LOG] [HMR] Waiting for update signal from WDS... @ http://localhost:8081/dist/bundle.js:245578
[   59990ms] [WARNING] [buildLeaf] {id: hsm, label: HSM Appliance, className: nr-palette-item-icon, svgPrefix: <svg id="icon" xmlns="http://www.w3.org/2000/svg" width="32"} @ http://localhost:8081/dist/bundle.js:279855
[   59992ms] [WARNING] [buildLeaf] {id: hsm, label: HSM Appliance, className: nr-palette-item-icon, svgPrefix: <svg id="icon" xmlns="http://www.w3.org/2000/svg" width="32"} @ http://localhost:8081/dist/bundle.js:279855
[   59994ms] [WARNING] [buildLeaf] {id: hsm, label: HSM Appliance, className: nr-palette-item-icon, svgPrefix: <svg id="icon" xmlns="http://www.w3.org/2000/svg" width="32"} @ http://localhost:8081/dist/bundle.js:279855
[   59994ms] [WARNING] [CD onCatalogChange] firing — rebuilding palette @ http://localhost:8081/dist/bundle.js:279497
[   59994ms] [WARNING] [buildLeaf] {id: hsm, label: HSM Appliance, className: nr-palette-item-icon, svgPrefix: <svg id="icon" xmlns="http://www.w3.org/2000/svg" width="32"} @ http://localhost:8081/dist/bundle.js:279855
[   60020ms] [WARNING] [buildLeaf] {id: hsm, label: HSM Appliance, className: nr-palette-item-icon, svgPrefix: <svg id="icon" xmlns="http://www.w3.org/2000/svg" width="32"} @ http://localhost:8081/dist/bundle.js:279855
[   60020ms] [WARNING] [CD onCatalogChange] firing — rebuilding palette @ http://localhost:8081/dist/bundle.js:279497
[   60020ms] [WARNING] [buildLeaf] {id: hsm, label: HSM Appliance, className: nr-palette-item-icon, svgPrefix: <svg id="icon" xmlns="http://www.w3.org/2000/svg" width="32"} @ http://localhost:8081/dist/bundle.js:279855
[   60027ms] [INFO] [webpack-dev-server] "/Users/michaelhalder/Documents/Personal Projects/GitHub/NextRack/examples/isometric/.playwright-mcp/console-2026-05-22T07-21-43-558Z.log" from static directory was changed. Reloading... @ http://localhost:8081/dist/bundle.js:244231
[   60486ms] [INFO] [webpack-dev-server] Server started: Hot Module Replacement enabled, Live Reloading enabled, Progress disabled, Overlay enabled. @ http://localhost:8081/dist/bundle.js:244231
[   60486ms] [LOG] [HMR] Waiting for update signal from WDS... @ http://localhost:8081/dist/bundle.js:245578
[   60537ms] [WARNING] [buildLeaf] {id: hsm, label: HSM Appliance, className: nr-palette-item-icon, svgPrefix: <svg id="icon" xmlns="http://www.w3.org/2000/svg" width="32"} @ http://localhost:8081/dist/bundle.js:279855
[   60540ms] [WARNING] [buildLeaf] {id: hsm, label: HSM Appliance, className: nr-palette-item-icon, svgPrefix: <svg id="icon" xmlns="http://www.w3.org/2000/svg" width="32"} @ http://localhost:8081/dist/bundle.js:279855
[   60542ms] [WARNING] [buildLeaf] {id: hsm, label: HSM Appliance, className: nr-palette-item-icon, svgPrefix: <svg id="icon" xmlns="http://www.w3.org/2000/svg" width="32"} @ http://localhost:8081/dist/bundle.js:279855
[   60542ms] [WARNING] [CD onCatalogChange] firing — rebuilding palette @ http://localhost:8081/dist/bundle.js:279497
[   60542ms] [WARNING] [buildLeaf] {id: hsm, label: HSM Appliance, className: nr-palette-item-icon, svgPrefix: <svg id="icon" xmlns="http://www.w3.org/2000/svg" width="32"} @ http://localhost:8081/dist/bundle.js:279855
[   60567ms] [INFO] [webpack-dev-server] "/Users/michaelhalder/Documents/Personal Projects/GitHub/NextRack/examples/isometric/.playwright-mcp/console-2026-05-22T07-21-43-558Z.log" from static directory was changed. Reloading... @ http://localhost:8081/dist/bundle.js:244231
[   60568ms] [WARNING] [buildLeaf] {id: hsm, label: HSM Appliance, className: nr-palette-item-icon, svgPrefix: <svg id="icon" xmlns="http://www.w3.org/2000/svg" width="32"} @ http://localhost:8081/dist/bundle.js:279855
[   60568ms] [WARNING] [CD onCatalogChange] firing — rebuilding palette @ http://localhost:8081/dist/bundle.js:279497
[   60568ms] [WARNING] [buildLeaf] {id: hsm, label: HSM Appliance, className: nr-palette-item-icon, svgPrefix: <svg id="icon" xmlns="http://www.w3.org/2000/svg" width="32"} @ http://localhost:8081/dist/bundle.js:279855
[   60599ms] [INFO] [webpack-dev-server] "/Users/michaelhalder/Documents/Personal Projects/GitHub/NextRack/examples/isometric/.playwright-mcp/console-2026-05-22T07-21-43-558Z.log" from static directory was changed. Reloading... @ http://localhost:8081/dist/bundle.js:244231
[   61082ms] [INFO] [webpack-dev-server] Server started: Hot Module Replacement enabled, Live Reloading enabled, Progress disabled, Overlay enabled. @ http://localhost:8081/dist/bundle.js:244231
[   61082ms] [LOG] [HMR] Waiting for update signal from WDS... @ http://localhost:8081/dist/bundle.js:245578
[   61136ms] [WARNING] [buildLeaf] {id: hsm, label: HSM Appliance, className: nr-palette-item-icon, svgPrefix: <svg id="icon" xmlns="http://www.w3.org/2000/svg" width="32"} @ http://localhost:8081/dist/bundle.js:279855
[   61139ms] [WARNING] [buildLeaf] {id: hsm, label: HSM Appliance, className: nr-palette-item-icon, svgPrefix: <svg id="icon" xmlns="http://www.w3.org/2000/svg" width="32"} @ http://localhost:8081/dist/bundle.js:279855
[   61140ms] [WARNING] [buildLeaf] {id: hsm, label: HSM Appliance, className: nr-palette-item-icon, svgPrefix: <svg id="icon" xmlns="http://www.w3.org/2000/svg" width="32"} @ http://localhost:8081/dist/bundle.js:279855
[   61141ms] [WARNING] [CD onCatalogChange] firing — rebuilding palette @ http://localhost:8081/dist/bundle.js:279497
[   61141ms] [WARNING] [buildLeaf] {id: hsm, label: HSM Appliance, className: nr-palette-item-icon, svgPrefix: <svg id="icon" xmlns="http://www.w3.org/2000/svg" width="32"} @ http://localhost:8081/dist/bundle.js:279855
[   61167ms] [INFO] [webpack-dev-server] "/Users/michaelhalder/Documents/Personal Projects/GitHub/NextRack/examples/isometric/.playwright-mcp/console-2026-05-22T07-21-43-558Z.log" from static directory was changed. Reloading... @ http://localhost:8081/dist/bundle.js:244231
[   61168ms] [WARNING] [buildLeaf] {id: hsm, label: HSM Appliance, className: nr-palette-item-icon, svgPrefix: <svg id="icon" xmlns="http://www.w3.org/2000/svg" width="32"} @ http://localhost:8081/dist/bundle.js:279855
[   61169ms] [WARNING] [CD onCatalogChange] firing — rebuilding palette @ http://localhost:8081/dist/bundle.js:279497
[   61169ms] [WARNING] [buildLeaf] {id: hsm, label: HSM Appliance, className: nr-palette-item-icon, svgPrefix: <svg id="icon" xmlns="http://www.w3.org/2000/svg" width="32"} @ http://localhost:8081/dist/bundle.js:279855
[   61195ms] [INFO] [webpack-dev-server] "/Users/michaelhalder/Documents/Personal Projects/GitHub/NextRack/examples/isometric/.playwright-mcp/console-2026-05-22T07-21-43-558Z.log" from static directory was changed. Reloading... @ http://localhost:8081/dist/bundle.js:244231
[   61626ms] [INFO] [webpack-dev-server] Server started: Hot Module Replacement enabled, Live Reloading enabled, Progress disabled, Overlay enabled. @ http://localhost:8081/dist/bundle.js:244231
[   61626ms] [LOG] [HMR] Waiting for update signal from WDS... @ http://localhost:8081/dist/bundle.js:245578
[   61684ms] [WARNING] [buildLeaf] {id: hsm, label: HSM Appliance, className: nr-palette-item-icon, svgPrefix: <svg id="icon" xmlns="http://www.w3.org/2000/svg" width="32"} @ http://localhost:8081/dist/bundle.js:279855
[   61687ms] [WARNING] [buildLeaf] {id: hsm, label: HSM Appliance, className: nr-palette-item-icon, svgPrefix: <svg id="icon" xmlns="http://www.w3.org/2000/svg" width="32"} @ http://localhost:8081/dist/bundle.js:279855
[   61689ms] [WARNING] [buildLeaf] {id: hsm, label: HSM Appliance, className: nr-palette-item-icon, svgPrefix: <svg id="icon" xmlns="http://www.w3.org/2000/svg" width="32"} @ http://localhost:8081/dist/bundle.js:279855
[   61689ms] [WARNING] [CD onCatalogChange] firing — rebuilding palette @ http://localhost:8081/dist/bundle.js:279497
[   61690ms] [WARNING] [buildLeaf] {id: hsm, label: HSM Appliance, className: nr-palette-item-icon, svgPrefix: <svg id="icon" xmlns="http://www.w3.org/2000/svg" width="32"} @ http://localhost:8081/dist/bundle.js:279855
[   61717ms] [INFO] [webpack-dev-server] "/Users/michaelhalder/Documents/Personal Projects/GitHub/NextRack/examples/isometric/.playwright-mcp/console-2026-05-22T07-21-43-558Z.log" from static directory was changed. Reloading... @ http://localhost:8081/dist/bundle.js:244231
[   61741ms] [INFO] [webpack-dev-server] "/Users/michaelhalder/Documents/Personal Projects/GitHub/NextRack/examples/isometric/.playwright-mcp/console-2026-05-22T07-21-43-558Z.log" from static directory was changed. Reloading... @ http://localhost:8081/dist/bundle.js:244231
[   61742ms] [WARNING] [buildLeaf] {id: hsm, label: HSM Appliance, className: nr-palette-item-icon, svgPrefix: <svg id="icon" xmlns="http://www.w3.org/2000/svg" width="32"} @ http://localhost:8081/dist/bundle.js:279855
[   61743ms] [WARNING] [CD onCatalogChange] firing — rebuilding palette @ http://localhost:8081/dist/bundle.js:279497
